urun_id,urun_turu,urun_modeli,ana_kategori,alt_kategori,normal_fiyat,indirimli_fiyat,stok_adedi,indirim_satis_adedi,normal_satis_adedi,stok_giris_tarihi,stok_cikis_tarihi,odeme_yontemi,ana_kategori_id,alt_kategori_id
1,Mont,Mont Modeli 9,Giyim,Dış Giyim,124,25,53,25,3,2024-12-20,2024-12-28,Kredi Kartı,1,1
2,Spor Ayakkabı,Spor Ayakkabı Modeli 10,Giyim,Ayakkabı,126,82,12,12,0,2024-12-14,2024-12-18,Kredi Kartı,1,2
3,Topuklu Ayakkabı,Topuklu Ayakkabı Modeli 8,Giyim,Ayakkabı,220,160,35,6,15,2024-12-28,2024-12-30,Kredi Kartı,1,2
4,Günlük Ayakkabı,Günlük Ayakkabı Modeli 2,Giyim,Ayakkabı,178,158,30,22,7,2024-12-04,2024-12-29,Kredi Kartı,1,2
5,Bot,Bot Modeli 1,Giyim,Ayakkabı,264,185,27,13,14,2024-12-22,2024-12-30,Nakit,1,2
6,Çizme,Çizme Modeli 10,Giyim,Ayakkabı,261,165,11,0,3,2024-12-23,2024-12-26,Kredi Kartı,1,2
7,Terlik,Terlik Modeli 6,Giyim,Ayakkabı,436,341,96,33,1,2024-12-08,2024-12-30,Nakit,1,2
8,Çocuk Montu,Çocuk Montu Modeli 8,Giyim,Çocuk Giyim,308,224,53,27,22,2024-12-24,2024-12-31,Nakit,1,3
9,Tişört,Tişört Modeli 9,Giyim,Üst Giyim,110,96,27,11,7,2024-12-14,2024-12-20,Nakit,1,4
10,Gömlek,Gömlek Modeli 7,Giyim,Üst Giyim,456,358,11,8,0,2024-12-07,2024-12-14,Nakit,1,4
11,Pantalon,Pantalon Modeli 3,Giyim,Alt Giyim,286,226,10,5,4,2024-12-16,2024-12-19,Kredi Kartı,1,5
12,Etek,Etek Modeli 2,Giyim,Alt Giyim,166,144,55,40,1,2024-12-14,2024-12-20,Nakit,1,5
13,Kazak,Kazak Modeli 1,Giyim,Üst Giyim,475,423,12,12,0,2024-12-09,2024-12-19,Nakit,1,4
14,Trençkot,Trençkot Modeli 9,Giyim,Dış Giyim,154,141,84,49,32,2024-12-30,2024-12-31,Nakit,1,1
15,Hırka,Hırka Modeli 1,Giyim,Üst Giyim,184,148,48,48,0,2024-12-11,2024-12-20,Kredi Kartı,1,4
16,Kol Çantası,Kol Çantası Modeli 3,Giyim,Aksesuar,247,165,15,0,11,2024-12-20,2024-12-21,Kredi Kartı,1,6
17,Saat,Saat Modeli 8,Giyim,Aksesuar,134,89,43,23,2,2024-12-07,2024-12-19,Nakit,1,6
18,Kolye,Kolye Modeli 8,Giyim,Aksesuar,408,387,64,51,5,2024-12-06,2024-12-27,Nakit,1,6
19,Yüzük,Yüzük Modeli 8,Giyim,Aksesuar,274,207,97,69,25,2024-12-02,2024-12-14,Nakit,1,6
20,Bileklik,Bileklik Modeli 5,Giyim,Aksesuar,73,49,82,6,10,2024-12-03,2024-12-24,Nakit,1,6
21,Küpe,Küpe Modeli 5,Giyim,Aksesuar,205,108,92,72,9,2024-12-11,2024-12-29,Kredi Kartı,1,6
22,Atkı,Atkı Modeli 1,Giyim,Aksesuar,161,77,74,15,56,2024-12-23,2024-12-30,Nakit,1,6
23,Bere,Bere Modeli 8,Giyim,Aksesuar,350,295,34,8,20,2024-12-21,2024-12-24,Kredi Kartı,1,6
24,Kemer,Kemer Modeli 1,Giyim,Aksesuar,115,86,47,11,13,2024-12-27,2024-12-29,Kredi Kartı,1,6
25,Güneş Gözlüğü,Güneş Gözlüğü Modeli 8,Giyim,Aksesuar,372,332,21,12,4,2024-12-16,2024-12-21,Nakit,1,6
26,Maskara,Maskara Modeli 4,Kozmetik,Makyaj,446,388,23,4,11,2024-12-10,2024-12-18,Nakit,2,7
27,Ruj,Ruj Modeli 6,Kozmetik,Makyaj,192,168,31,28,1,2024-12-23,2024-12-24,Kredi Kartı,2,7
28,Allık,Allık Modeli 9,Kozmetik,Makyaj,366,342,16,16,0,2024-12-18,2024-12-25,Kredi Kartı,2,7
29,Fondöten,Fondöten Modeli 1,Kozmetik,Makyaj,423,403,99,51,48,2024-12-01,2024-12-15,Kredi Kartı,2,7
30,Oje,Oje Modeli 6,Kozmetik,Makyaj,281,235,82,0,64,2024-12-27,2024-12-29,Nakit,2,7
31,Göz Kalemi,Göz Kalemi Modeli 10,Kozmetik,Makyaj,411,358,96,46,5,2024-12-06,2024-12-15,Nakit,2,7
32,Şampuan,Şampuan Modeli 5,Kozmetik,Kişisel Bakım,80,25,83,73,8,2024-12-01,2024-12-26,Nakit,2,8
33,Saç Kremi,Saç Kremi Modeli 10,Kozmetik,Kişisel Bakım,362,311,56,28,25,2024-12-20,2024-12-23,Nakit,2,8
34,Diş Fırçası,Diş Fırçası Modeli 6,Kozmetik,Kişisel Bakım,92,25,66,39,5,2024-12-05,2024-12-24,Nakit,2,8
35,Diş Macunu,Diş Macunu Modeli 8,Kozmetik,Kişisel Bakım,240,203,70,68,0,2024-12-14,2024-12-30,Kredi Kartı,2,8
36,Diş İpi,Diş İpi Modeli 1,Kozmetik,Kişisel Bakım,328,271,58,18,1,2024-12-22,2024-12-23,Kredi Kartı,2,8
37,Deodorant,Deodorant Modeli 6,Kozmetik,Kişisel Bakım,280,222,58,17,1,2024-12-29,2024-12-31,Kredi Kartı,2,8
38,Parfüm,Parfüm Modeli 10,Kozmetik,Kişisel Bakım,312,258,21,2,19,2024-12-05,2024-12-26,Nakit,2,8
39,Nemlendirici Krem,Nemlendirici Krem Modeli 6,Kozmetik,Kişisel Bakım,118,82,49,28,8,2024-12-28,2024-12-31,Nakit,2,8
40,Duş Jeli,Duş Jeli Modeli 2,Kozmetik,Kişisel Bakım,309,244,88,14,11,2024-12-05,2024-12-30,Nakit,2,8
41,Kese,Kese Modeli 10,Kozmetik,Kişisel Bakım,471,392,90,22,6,2024-12-01,2024-12-28,Nakit,2,8
42,Güneş Kremi,Güneş Kremi Modeli 4,Kozmetik,Kişisel Bakım,94,25,63,24,6,2024-12-11,2024-12-26,Kredi Kartı,2,8
43,Tarak,Tarak Modeli 8,Kozmetik,Kişisel Bakım,362,284,65,63,2,2024-12-12,2024-12-31,Nakit,2,8
44,Süpürge,Süpürge Modeli 10,Elektronik,Küçük Ev Aletleri,325,294,24,16,5,2024-12-30,2024-12-31,Nakit,3,9
45,Robot Süpürge,Robot Süpürge Modeli 4,Elektronik,Küçük Ev Aletleri,275,228,40,19,1,2024-12-24,2024-12-29,Kredi Kartı,3,9
46,Ütü,Ütü Modeli 10,Elektronik,Küçük Ev Aletleri,115,34,46,9,15,2024-12-12,2024-12-31,Nakit,3,9
47,Kahve Makinesi,Kahve Makinesi Modeli 7,Elektronik,Küçük Ev Aletleri,151,106,52,17,15,2024-12-24,2024-12-25,Kredi Kartı,3,9
48,Çay Makinesi,Çay Makinesi Modeli 4,Elektronik,Küçük Ev Aletleri,70,25,83,32,24,2024-12-02,2024-12-10,Nakit,3,9
49,Blender,Blender Modeli 10,Elektronik,Küçük Ev Aletleri,294,278,40,13,0,2024-12-15,2024-12-26,Nakit,3,9
50,Tost Makinesi,Tost Makinesi Modeli 1,Elektronik,Küçük Ev Aletleri,332,277,66,46,0,2024-12-29,2024-12-31,Kredi Kartı,3,9
51,Su Isıtıcı,Su Isıtıcı Modeli 8,Elektronik,Küçük Ev Aletleri,479,440,24,10,10,2024-12-04,2024-12-21,Nakit,3,9
52,Mikser,Mikser Modeli 1,Elektronik,Küçük Ev Aletleri,126,74,11,0,9,2024-12-26,2024-12-27,Kredi Kartı,3,9
53,Airfryer,Airfryer Modeli 6,Elektronik,Küçük Ev Aletleri,260,216,68,64,4,2024-12-22,2024-12-31,Nakit,3,9
54,Akıllı Saat,Akıllı Saat Modeli 7,Elektronik,Giyilebilir Teknoloji,380,325,73,60,3,2024-12-20,2024-12-25,Nakit,3,10
55,Akıllı Bileklik,Akıllı Bileklik Modeli 1,Elektronik,Giyilebilir Teknoloji,179,164,15,1,7,2024-12-29,2024-12-31,Kredi Kartı,3,10
56,Android Cep Telefon,Android Cep Telefon Modeli 8,Elektronik,Telefon,210,200,28,10,13,2024-12-11,2024-12-16,Kredi Kartı,3,11
57,iOS Cep Telefon,iOS Cep Telefon Modeli 5,Elektronik,Telefon,199,155,92,29,43,2024-12-22,2024-12-26,Kredi Kartı,3,11
58,Çamaşır Makinesi,Çamaşır Makinesi Modeli 4,Elektronik,Beyaz Eşya,394,381,93,63,22,2024-12-29,2024-12-30,Nakit,3,12
59,Bulaşık Makinesi,Bulaşık Makinesi Modeli 9,Elektronik,Beyaz Eşya,272,230,81,41,25,2024-12-24,2024-12-31,Nakit,3,12
60,Kurutma Makinesi,Kurutma Makinesi Modeli 2,Elektronik,Beyaz Eşya,244,194,66,31,32,2024-12-30,2024-12-31,Nakit,3,12
61,Derin Dondurucu,Derin Dondurucu Modeli 1,Elektronik,Beyaz Eşya,328,264,64,48,14,2024-12-18,2024-12-23,Nakit,3,12
62,Ankastre Set,Ankastre Set Modeli 3,Elektronik,Beyaz Eşya,396,312,10,6,2,2024-12-05,2024-12-27,Nakit,3,12
63,Kombi,Kombi Modeli 7,Elektronik,Beyaz Eşya,408,310,12,12,0,2024-12-18,2024-12-20,Kredi Kartı,3,12
64,Mikrodalga Fırın,Mikrodalga Fırın Modeli 1,Elektronik,Beyaz Eşya,493,422,89,2,57,2024-12-29,2024-12-31,Nakit,3,12
65,Smart TV,Smart TV Modeli 6,Elektronik,Televizyon,239,220,24,1,16,2024-12-17,2024-12-23,Kredi Kartı,3,13
66,Fotoğraf Makinesi,Fotoğraf Makinesi Modeli 9,Elektronik,Kamera,378,292,13,10,0,2024-12-22,2024-12-27,Nakit,3,14
67,Aksiyon Kamera,Aksiyon Kamera Modeli 5,Elektronik,Kamera,265,218,91,26,5,2024-12-25,2024-12-26,Nakit,3,14
68,Şipşak Fotoğraf Makinesi ,Şipşak Fotoğraf Makinesi  Modeli 10,Elektronik,Kamera,453,367,66,4,47,2024-12-21,2024-12-26,Nakit,3,14
69,Telefon Kılıfı,Telefon Kılıfı Modeli 9,Elektronik,Aksesuarlar,238,193,95,27,60,2024-12-23,2024-12-31,Nakit,3,15
70,Şarj Aleti,Şarj Aleti Modeli 6,Elektronik,Aksesuarlar,453,372,85,60,10,2024-12-03,2024-12-11,Kredi Kartı,3,15
71,Powerbank,Powerbank Modeli 6,Elektronik,Aksesuarlar,381,327,61,5,2,2024-12-05,2024-12-30,Nakit,3,15
72,Kulaklık,Kulaklık Modeli 1,Elektronik,Aksesuarlar,323,272,88,22,28,2024-12-11,2024-12-20,Kredi Kartı,3,15
73,Hafıza Kartı,Hafıza Kartı Modeli 8,Elektronik,Aksesuarlar,89,25,78,8,47,2024-12-27,2024-12-31,Kredi Kartı,3,15
74,Hoparlör,Hoparlör Modeli 6,Elektronik,Aksesuarlar,100,25,55,4,32,2024-12-12,2024-12-24,Nakit,3,15
75,Projeksiyon Cihazı,Projeksiyon Cihazı Modeli 5,Elektronik,Aksesuarlar,56,25,36,17,3,2024-12-09,2024-12-27,Nakit,3,15
76,Tv Kumandası,Tv Kumandası Modeli 2,Elektronik,Aksesuarlar,441,408,40,2,29,2024-12-15,2024-12-31,Nakit,3,15
77,HDMI Kablo,HDMI Kablo Modeli 7,Elektronik,Aksesuarlar,197,110,38,0,28,2024-12-11,2024-12-23,Kredi Kartı,3,15
78,Kablo & Adaptör,Kablo & Adaptör Modeli 8,Elektronik,Aksesuarlar,263,251,40,12,23,2024-12-26,2024-12-27,Nakit,3,15
79,Yemek Takımı,Yemek Takımı Modeli 3,Ev,Sofra & Mutfak,483,425,41,19,2,2024-12-07,2024-12-12,Nakit,4,16
80,Kahvaltı Takımı,Kahvaltı Takımı Modeli 10,Ev,Sofra & Mutfak,476,408,40,33,6,2024-12-20,2024-12-28,Nakit,4,16
81,Çatal Bıçak Seti,Çatal Bıçak Seti Modeli 2,Ev,Sofra & Mutfak,188,164,65,40,25,2024-12-04,2024-12-19,Nakit,4,16
82,Fincan Takımı,Fincan Takımı Modeli 8,Ev,Sofra & Mutfak,158,119,52,40,4,2024-12-23,2024-12-27,Kredi Kartı,4,16
83,Bardak,Bardak Modeli 4,Ev,Sofra & Mutfak,276,196,39,6,11,2024-12-09,2024-12-12,Nakit,4,16
84,Hurç,Hurç Modeli 10,Ev,Ev Gereçleri,320,281,54,6,1,2024-12-25,2024-12-28,Kredi Kartı,4,17
85,Askı,Askı Modeli 7,Ev,Ev Gereçleri,485,386,30,6,22,2024-12-13,2024-12-29,Nakit,4,17
86,Çamaşır Sepeti,Çamaşır Sepeti Modeli 7,Ev,Ev Gereçleri,296,273,60,8,22,2024-12-05,2024-12-21,Nakit,4,17
87,Ütü Masası,Ütü Masası Modeli 10,Ev,Ev Gereçleri,228,186,21,15,4,2024-12-29,2024-12-30,Kredi Kartı,4,17
88,Nevresim Takımı,Nevresim Takımı Modeli 1,Ev,Ev Tekstili,166,137,16,12,0,2024-12-17,2024-12-19,Kredi Kartı,4,18
89,Yastık & Yorgan,Yastık & Yorgan Modeli 6,Ev,Ev Tekstili,419,347,40,2,0,2024-12-20,2024-12-29,Kredi Kartı,4,18
90,Koltuk  Örtüsü,Koltuk  Örtüsü Modeli 4,Ev,Ev Tekstili,256,173,73,30,31,2024-12-26,2024-12-31,Kredi Kartı,4,18
91,Perde,Perde Modeli 7,Ev,Ev Tekstili,106,86,100,59,28,2024-12-08,2024-12-21,Kredi Kartı,4,18
92,Paspas,Paspas Modeli 7,Ev,Ev Tekstili,477,383,14,10,4,2024-12-15,2024-12-31,Nakit,4,18
93,Halı,Halı Modeli 10,Ev,Ev Tekstili,66,25,89,58,27,2024-12-24,2024-12-29,Nakit,4,18
94,Ayna,Ayna Modeli 1,Ev,Ev Dekorasyon,116,83,84,49,10,2024-12-06,2024-12-18,Kredi Kartı,4,19
95,Vazo,Vazo Modeli 4,Ev,Ev Dekorasyon,156,60,29,4,13,2024-12-18,2024-12-29,Kredi Kartı,4,19
96,Duvar Saati,Duvar Saati Modeli 10,Ev,Ev Dekorasyon,311,224,96,73,21,2024-12-08,2024-12-15,Kredi Kartı,4,19
97,Avize,Avize Modeli 3,Ev,Ev Aydınlatma,180,134,45,44,1,2024-12-28,2024-12-30,Nakit,4,20
98,Lambader,Lambader Modeli 2,Ev,Ev Dekorasyon,116,54,46,20,6,2024-12-28,2024-12-29,Kredi Kartı,4,19
99,Yatak Odası Takımı,Yatak Odası Takımı Modeli 4,Ev,Mobilya,319,283,79,56,12,2024-12-03,2024-12-04,Kredi Kartı,4,21
100,Oturma Odası Takımı,Oturma Odası Takımı Modeli 6,Ev,Mobilya,351,332,71,43,25,2024-12-17,2024-12-26,Kredi Kartı,4,21
101,Bahçe Mobilyası,Bahçe Mobilyası Modeli 2,Ev,Mobilya,489,400,27,6,0,2024-12-26,2024-12-31,Kredi Kartı,4,21
102,Yemek Odası Takımı,Yemek Odası Takımı Modeli 5,Ev,Mobilya,214,132,89,29,3,2024-12-16,2024-12-24,Nakit,4,21
103,Çocuk Odası Takımı,Çocuk Odası Takımı Modeli 6,Ev,Mobilya,297,197,40,16,14,2024-12-10,2024-12-29,Kredi Kartı,4,21
104,Genç Odası Takımı,Genç Odası Takımı Modeli 1,Ev,Mobilya,309,274,72,45,20,2024-12-07,2024-12-16,Nakit,4,21
105,Dolap,Dolap Modeli 2,Ev,Mobilya,474,383,61,5,47,2024-12-10,2024-12-30,Kredi Kartı,4,21
106,Gardırop,Gardırop Modeli 8,Ev,Mobilya,198,151,19,6,11,2024-12-17,2024-12-31,Nakit,4,21
107,Sandalye,Sandalye Modeli 6,Ev,Mobilya,372,296,76,65,8,2024-12-03,2024-12-07,Kredi Kartı,4,21
108,Mont,Mont Modeli 7,Giyim,Dış Giyim,266,256,53,30,1,2024-12-26,2024-12-29,Kredi Kartı,1,1
109,Spor Ayakkabı,Spor Ayakkabı Modeli 10,Giyim,Ayakkabı,184,138,38,30,8,2024-12-08,2024-12-29,Nakit,1,2
110,Topuklu Ayakkabı,Topuklu Ayakkabı Modeli 4,Giyim,Ayakkabı,265,176,86,12,63,2024-12-14,2024-12-16,Nakit,1,2
111,Günlük Ayakkabı,Günlük Ayakkabı Modeli 5,Giyim,Ayakkabı,194,184,76,75,1,2024-12-07,2024-12-15,Nakit,1,2
112,Bot,Bot Modeli 10,Giyim,Ayakkabı,242,217,56,52,0,2024-12-13,2024-12-16,Nakit,1,2
113,Çizme,Çizme Modeli 4,Giyim,Ayakkabı,423,380,55,27,27,2024-12-06,2024-12-07,Kredi Kartı,1,2
114,Terlik,Terlik Modeli 1,Giyim,Ayakkabı,195,152,92,17,65,2024-12-17,2024-12-20,Nakit,1,2
115,Çocuk Montu,Çocuk Montu Modeli 2,Giyim,Çocuk Giyim,247,216,11,7,3,2024-12-09,2024-12-28,Nakit,1,3
116,Tişört,Tişört Modeli 8,Giyim,Üst Giyim,361,295,23,4,18,2024-12-26,2024-12-27,Kredi Kartı,1,4
117,Gömlek,Gömlek Modeli 4,Giyim,Üst Giyim,424,366,97,54,5,2024-12-21,2024-12-29,Kredi Kartı,1,4
118,Pantalon,Pantalon Modeli 10,Giyim,Alt Giyim,428,390,38,35,0,2024-12-08,2024-12-19,Kredi Kartı,1,5
119,Etek,Etek Modeli 4,Giyim,Alt Giyim,314,255,99,4,27,2024-12-20,2024-12-22,Kredi Kartı,1,5
120,Kazak,Kazak Modeli 1,Giyim,Üst Giyim,154,97,13,4,2,2024-12-15,2024-12-30,Kredi Kartı,1,4
121,Trençkot,Trençkot Modeli 2,Giyim,Dış Giyim,144,81,36,25,6,2024-12-27,2024-12-30,Kredi Kartı,1,1
122,Hırka,Hırka Modeli 2,Giyim,Üst Giyim,412,323,33,24,9,2024-12-09,2024-12-30,Kredi Kartı,1,4
123,Kol Çantası,Kol Çantası Modeli 7,Giyim,Aksesuar,193,183,15,15,0,2024-12-09,2024-12-21,Nakit,1,6
124,Saat,Saat Modeli 2,Giyim,Aksesuar,193,156,14,4,7,2024-12-24,2024-12-27,Nakit,1,6
125,Cüzdan,Cüzdan Modeli 5,Giyim,Aksesuar,474,449,61,58,1,2024-12-22,2024-12-31,Kredi Kartı,1,6
126,Kolye,Kolye Modeli 5,Giyim,Aksesuar,344,333,27,18,3,2024-12-21,2024-12-24,Kredi Kartı,1,6
127,Yüzük,Yüzük Modeli 6,Giyim,Aksesuar,115,62,86,13,57,2024-12-20,2024-12-21,Kredi Kartı,1,6
128,Bileklik,Bileklik Modeli 10,Giyim,Aksesuar,322,285,74,64,6,2024-12-26,2024-12-29,Nakit,1,6
129,Küpe,Küpe Modeli 9,Giyim,Aksesuar,136,98,97,56,15,2024-12-15,2024-12-21,Kredi Kartı,1,6
130,Bere,Bere Modeli 2,Giyim,Aksesuar,55,25,27,8,2,2024-12-21,2024-12-24,Nakit,1,6
131,Eldiven,Eldiven Modeli 6,Giyim,Aksesuar,419,399,63,43,11,2024-12-23,2024-12-31,Kredi Kartı,1,6
132,Kemer,Kemer Modeli 1,Giyim,Aksesuar,105,32,97,40,41,2024-12-11,2024-12-31,Kredi Kartı,1,6
133,Güneş Gözlüğü,Güneş Gözlüğü Modeli 1,Giyim,Aksesuar,81,25,66,59,5,2024-12-02,2024-12-26,Kredi Kartı,1,6
134,Ruj,Ruj Modeli 4,Kozmetik,Makyaj,315,262,79,75,3,2024-12-08,2024-12-28,Kredi Kartı,2,7
135,Allık,Allık Modeli 7,Kozmetik,Makyaj,461,390,59,28,16,2024-12-13,2024-12-14,Nakit,2,7
136,Fondöten,Fondöten Modeli 7,Kozmetik,Makyaj,168,140,77,43,1,2024-12-08,2024-12-16,Kredi Kartı,2,7
137,Oje,Oje Modeli 6,Kozmetik,Makyaj,266,202,40,2,13,2024-12-22,2024-12-30,Kredi Kartı,2,7
138,Şampuan,Şampuan Modeli 10,Kozmetik,Kişisel Bakım,306,254,65,27,8,2024-12-18,2024-12-26,Nakit,2,8
139,Saç Kremi,Saç Kremi Modeli 1,Kozmetik,Kişisel Bakım,268,213,81,79,1,2024-12-17,2024-12-21,Kredi Kartı,2,8
140,Diş Fırçası,Diş Fırçası Modeli 2,Kozmetik,Kişisel Bakım,396,354,20,1,5,2024-12-01,2024-12-10,Kredi Kartı,2,8
141,Diş Macunu,Diş Macunu Modeli 9,Kozmetik,Kişisel Bakım,150,99,64,14,19,2024-12-06,2024-12-23,Nakit,2,8
142,Diş İpi,Diş İpi Modeli 9,Kozmetik,Kişisel Bakım,180,82,70,47,0,2024-12-27,2024-12-29,Kredi Kartı,2,8
143,Deodorant,Deodorant Modeli 3,Kozmetik,Kişisel Bakım,257,206,15,8,0,2024-12-26,2024-12-28,Kredi Kartı,2,8
144,Parfüm,Parfüm Modeli 8,Kozmetik,Kişisel Bakım,247,221,81,71,4,2024-12-10,2024-12-22,Nakit,2,8
145,Duş Jeli,Duş Jeli Modeli 6,Kozmetik,Kişisel Bakım,431,358,94,16,20,2024-12-04,2024-12-27,Nakit,2,8
146,Kese,Kese Modeli 8,Kozmetik,Kişisel Bakım,148,58,52,4,13,2024-12-24,2024-12-27,Nakit,2,8
147,Güneş Kremi,Güneş Kremi Modeli 4,Kozmetik,Kişisel Bakım,187,104,10,10,0,2024-12-09,2024-12-30,Nakit,2,8
148,Tarak,Tarak Modeli 7,Kozmetik,Kişisel Bakım,301,259,49,11,3,2024-12-17,2024-12-28,Nakit,2,8
149,Süpürge,Süpürge Modeli 7,Elektronik,Küçük Ev Aletleri,461,415,100,73,21,2024-12-09,2024-12-24,Nakit,3,9
150,Robot Süpürge,Robot Süpürge Modeli 10,Elektronik,Küçük Ev Aletleri,472,373,68,20,27,2024-12-16,2024-12-27,Nakit,3,9
151,Ütü,Ütü Modeli 6,Elektronik,Küçük Ev Aletleri,347,305,59,2,48,2024-12-11,2024-12-21,Nakit,3,9
152,Kahve Makinesi,Kahve Makinesi Modeli 5,Elektronik,Küçük Ev Aletleri,147,111,87,86,0,2024-12-09,2024-12-22,Kredi Kartı,3,9
153,Çay Makinesi,Çay Makinesi Modeli 7,Elektronik,Küçük Ev Aletleri,69,53,75,0,47,2024-12-25,2024-12-29,Nakit,3,9
154,Blender,Blender Modeli 4,Elektronik,Küçük Ev Aletleri,178,163,29,5,6,2024-12-05,2024-12-25,Nakit,3,9
155,Tost Makinesi,Tost Makinesi Modeli 9,Elektronik,Küçük Ev Aletleri,304,224,45,0,35,2024-12-12,2024-12-26,Nakit,3,9
156,Su Isıtıcı,Su Isıtıcı Modeli 3,Elektronik,Küçük Ev Aletleri,62,25,93,65,23,2024-12-01,2024-12-10,Kredi Kartı,3,9
157,Mikser,Mikser Modeli 8,Elektronik,Küçük Ev Aletleri,263,172,83,81,2,2024-12-25,2024-12-31,Kredi Kartı,3,9
158,Airfryer,Airfryer Modeli 1,Elektronik,Küçük Ev Aletleri,303,224,52,5,32,2024-12-19,2024-12-20,Nakit,3,9
159,Akıllı Saat,Akıllı Saat Modeli 9,Elektronik,Giyilebilir Teknoloji,375,335,36,19,11,2024-12-14,2024-12-29,Kredi Kartı,3,10
160,Akıllı Bileklik,Akıllı Bileklik Modeli 3,Elektronik,Giyilebilir Teknoloji,77,36,72,21,23,2024-12-26,2024-12-27,Kredi Kartı,3,10
161,iOS Cep Telefon,iOS Cep Telefon Modeli 2,Elektronik,Telefon,65,25,47,2,17,2024-12-16,2024-12-27,Kredi Kartı,3,11
162,Çamaşır Makinesi,Çamaşır Makinesi Modeli 7,Elektronik,Beyaz Eşya,61,51,50,50,0,2024-12-26,2024-12-27,Nakit,3,12
163,Bulaşık Makinesi,Bulaşık Makinesi Modeli 7,Elektronik,Beyaz Eşya,407,309,69,63,6,2024-12-18,2024-12-28,Kredi Kartı,3,12
164,Kurutma Makinesi,Kurutma Makinesi Modeli 10,Elektronik,Beyaz Eşya,299,237,34,19,13,2024-12-23,2024-12-29,Nakit,3,12
165,Derin Dondurucu,Derin Dondurucu Modeli 10,Elektronik,Beyaz Eşya,57,25,53,29,22,2024-12-13,2024-12-23,Kredi Kartı,3,12
166,Ankastre Set,Ankastre Set Modeli 5,Elektronik,Beyaz Eşya,117,41,37,5,16,2024-12-01,2024-12-24,Kredi Kartı,3,12
167,Kombi,Kombi Modeli 1,Elektronik,Beyaz Eşya,383,297,73,62,9,2024-12-28,2024-12-31,Kredi Kartı,3,12
168,Mikrodalga Fırın,Mikrodalga Fırın Modeli 5,Elektronik,Beyaz Eşya,292,202,12,4,7,2024-12-28,2024-12-29,Kredi Kartı,3,12
169,Smart TV,Smart TV Modeli 4,Elektronik,Televizyon,304,276,25,1,8,2024-12-30,2024-12-31,Kredi Kartı,3,13
170,Fotoğraf Makinesi,Fotoğraf Makinesi Modeli 5,Elektronik,Kamera,306,215,68,48,0,2024-12-29,2024-12-30,Nakit,3,14
171,Aksiyon Kamera,Aksiyon Kamera Modeli 2,Elektronik,Kamera,293,283,88,16,55,2024-12-08,2024-12-28,Nakit,3,14
172,Şipşak Fotoğraf Makinesi ,Şipşak Fotoğraf Makinesi  Modeli 3,Elektronik,Kamera,86,25,70,20,40,2024-12-23,2024-12-28,Kredi Kartı,3,14
173,Telefon Kılıfı,Telefon Kılıfı Modeli 7,Elektronik,Aksesuarlar,129,116,91,71,15,2024-12-19,2024-12-30,Nakit,3,15
174,Şarj Aleti,Şarj Aleti Modeli 8,Elektronik,Aksesuarlar,344,311,44,41,3,2024-12-10,2024-12-30,Kredi Kartı,3,15
175,Powerbank,Powerbank Modeli 5,Elektronik,Aksesuarlar,417,374,25,2,7,2024-12-24,2024-12-31,Kredi Kartı,3,15
176,Kulaklık,Kulaklık Modeli 8,Elektronik,Aksesuarlar,102,76,57,36,15,2024-12-15,2024-12-17,Nakit,3,15
177,Hafıza Kartı,Hafıza Kartı Modeli 7,Elektronik,Aksesuarlar,268,187,57,31,25,2024-12-03,2024-12-13,Nakit,3,15
178,Hoparlör,Hoparlör Modeli 10,Elektronik,Aksesuarlar,442,412,82,58,18,2024-12-06,2024-12-09,Kredi Kartı,3,15
179,Projeksiyon Cihazı,Projeksiyon Cihazı Modeli 9,Elektronik,Aksesuarlar,100,54,73,22,20,2024-12-03,2024-12-12,Kredi Kartı,3,15
180,Tv Kumandası,Tv Kumandası Modeli 9,Elektronik,Aksesuarlar,309,295,57,15,11,2024-12-30,2024-12-31,Nakit,3,15
181,HDMI Kablo,HDMI Kablo Modeli 3,Elektronik,Aksesuarlar,473,461,96,75,13,2024-12-22,2024-12-29,Nakit,3,15
182,Kablo & Adaptör,Kablo & Adaptör Modeli 6,Elektronik,Aksesuarlar,437,399,94,33,45,2024-12-12,2024-12-20,Nakit,3,15
183,Tencere,Tencere Modeli 1,Ev,Sofra & Mutfak,212,130,78,66,3,2024-12-04,2024-12-17,Nakit,4,16
184,Yemek Takımı,Yemek Takımı Modeli 4,Ev,Sofra & Mutfak,470,459,91,3,69,2024-12-07,2024-12-20,Nakit,4,16
185,Kahvaltı Takımı,Kahvaltı Takımı Modeli 4,Ev,Sofra & Mutfak,85,43,64,34,22,2024-12-05,2024-12-21,Nakit,4,16
186,Çatal Bıçak Seti,Çatal Bıçak Seti Modeli 9,Ev,Sofra & Mutfak,467,449,44,16,15,2024-12-02,2024-12-26,Kredi Kartı,4,16
187,Fincan Takımı,Fincan Takımı Modeli 3,Ev,Sofra & Mutfak,280,192,34,8,7,2024-12-07,2024-12-15,Kredi Kartı,4,16
188,Bardak,Bardak Modeli 10,Ev,Sofra & Mutfak,251,186,46,46,0,2024-12-09,2024-12-28,Kredi Kartı,4,16
189,Hurç,Hurç Modeli 10,Ev,Ev Gereçleri,57,25,88,49,25,2024-12-19,2024-12-24,Kredi Kartı,4,17
190,Askı,Askı Modeli 1,Ev,Ev Gereçleri,164,85,87,50,3,2024-12-22,2024-12-31,Nakit,4,17
191,Çamaşır Sepeti,Çamaşır Sepeti Modeli 5,Ev,Ev Gereçleri,227,145,68,26,16,2024-12-05,2024-12-28,Nakit,4,17
192,Ütü Masası,Ütü Masası Modeli 8,Ev,Ev Gereçleri,235,152,19,17,2,2024-12-27,2024-12-31,Nakit,4,17
193,Nevresim Takımı,Nevresim Takımı Modeli 9,Ev,Ev Tekstili,444,375,22,16,4,2024-12-09,2024-12-30,Nakit,4,18
194,Yastık & Yorgan,Yastık & Yorgan Modeli 5,Ev,Ev Tekstili,105,66,15,5,10,2024-12-05,2024-12-12,Nakit,4,18
195,Koltuk  Örtüsü,Koltuk  Örtüsü Modeli 7,Ev,Ev Tekstili,94,30,92,89,2,2024-12-05,2024-12-28,Nakit,4,18
196,Perde,Perde Modeli 2,Ev,Ev Tekstili,338,311,80,2,46,2024-12-28,2024-12-29,Kredi Kartı,4,18
197,Paspas,Paspas Modeli 10,Ev,Ev Tekstili,157,57,62,3,9,2024-12-10,2024-12-14,Nakit,4,18
198,Halı,Halı Modeli 1,Ev,Ev Tekstili,425,337,35,17,2,2024-12-03,2024-12-06,Kredi Kartı,4,18
199,Havlu & Bornoz,Havlu & Bornoz Modeli 5,Ev,Ev Tekstili,184,160,44,7,19,2024-12-10,2024-12-30,Nakit,4,18
200,Ayna,Ayna Modeli 10,Ev,Ev Dekorasyon,497,437,54,8,42,2024-12-15,2024-12-23,Nakit,4,19
201,Tablo,Tablo Modeli 5,Ev,Ev Dekorasyon,88,25,31,20,1,2024-12-15,2024-12-21,Nakit,4,19
202,Vazo,Vazo Modeli 3,Ev,Ev Dekorasyon,189,155,44,25,0,2024-12-24,2024-12-30,Kredi Kartı,4,19
203,Duvar Saati,Duvar Saati Modeli 2,Ev,Ev Dekorasyon,483,398,66,39,2,2024-12-23,2024-12-26,Nakit,4,19
204,Avize,Avize Modeli 2,Ev,Ev Aydınlatma,118,25,73,15,42,2024-12-19,2024-12-22,Nakit,4,20
205,Lambader,Lambader Modeli 2,Ev,Ev Dekorasyon,380,344,42,27,11,2024-12-11,2024-12-15,Nakit,4,19
206,Yatak Odası Takımı,Yatak Odası Takımı Modeli 5,Ev,Mobilya,468,374,96,54,31,2024-12-27,2024-12-30,Kredi Kartı,4,21
207,Oturma Odası Takımı,Oturma Odası Takımı Modeli 4,Ev,Mobilya,136,125,67,46,0,2024-12-01,2024-12-19,Nakit,4,21
208,Bahçe Mobilyası,Bahçe Mobilyası Modeli 1,Ev,Mobilya,292,252,69,65,0,2024-12-20,2024-12-30,Kredi Kartı,4,21
209,Yemek Odası Takımı,Yemek Odası Takımı Modeli 8,Ev,Mobilya,237,195,79,49,3,2024-12-17,2024-12-21,Nakit,4,21
210,Çocuk Odası Takımı,Çocuk Odası Takımı Modeli 1,Ev,Mobilya,386,355,56,39,2,2024-12-10,2024-12-22,Kredi Kartı,4,21
211,Dolap,Dolap Modeli 1,Ev,Mobilya,175,87,78,78,0,2024-12-14,2024-12-17,Kredi Kartı,4,21
212,Gardırop,Gardırop Modeli 1,Ev,Mobilya,214,120,10,6,1,2024-12-01,2024-12-28,Kredi Kartı,4,21
213,Sandalye,Sandalye Modeli 4,Ev,Mobilya,221,202,88,27,26,2024-12-17,2024-12-22,Kredi Kartı,4,21
214,Zigon,Zigon Modeli 4,Ev,Mobilya,73,25,91,56,34,2024-12-13,2024-12-26,Nakit,4,21
215,Mont,Mont Modeli 2,Giyim,Dış Giyim,421,332,27,12,8,2024-12-17,2024-12-23,Kredi Kartı,1,1
216,Topuklu Ayakkabı,Topuklu Ayakkabı Modeli 5,Giyim,Ayakkabı,377,364,21,17,4,2024-12-17,2024-12-29,Nakit,1,2
217,Günlük Ayakkabı,Günlük Ayakkabı Modeli 10,Giyim,Ayakkabı,494,455,37,5,25,2024-12-30,2024-12-31,Nakit,1,2
218,Bot,Bot Modeli 7,Giyim,Ayakkabı,412,383,48,42,1,2024-12-11,2024-12-19,Kredi Kartı,1,2
219,Çizme,Çizme Modeli 7,Giyim,Ayakkabı,430,366,76,25,22,2024-12-05,2024-12-13,Nakit,1,2
220,Terlik,Terlik Modeli 4,Giyim,Ayakkabı,264,252,77,28,20,2024-12-23,2024-12-28,Kredi Kartı,1,2
221,Çocuk Montu,Çocuk Montu Modeli 3,Giyim,Çocuk Giyim,493,425,27,4,11,2024-12-06,2024-12-15,Nakit,1,3
222,Tişört,Tişört Modeli 2,Giyim,Üst Giyim,228,208,86,44,8,2024-12-14,2024-12-25,Kredi Kartı,1,4
223,Gömlek,Gömlek Modeli 9,Giyim,Üst Giyim,164,86,97,18,29,2024-12-11,2024-12-20,Kredi Kartı,1,4
224,Pantalon,Pantalon Modeli 4,Giyim,Alt Giyim,381,344,53,40,1,2024-12-01,2024-12-23,Nakit,1,5
225,Etek,Etek Modeli 3,Giyim,Alt Giyim,93,57,22,1,20,2024-12-01,2024-12-30,Kredi Kartı,1,5
226,Trençkot,Trençkot Modeli 7,Giyim,Dış Giyim,233,207,14,4,1,2024-12-29,2024-12-30,Kredi Kartı,1,1
227,Hırka,Hırka Modeli 7,Giyim,Üst Giyim,148,71,22,6,8,2024-12-03,2024-12-27,Nakit,1,4
228,Saat,Saat Modeli 10,Giyim,Aksesuar,82,25,37,12,23,2024-12-29,2024-12-30,Kredi Kartı,1,6
229,Kolye,Kolye Modeli 8,Giyim,Aksesuar,279,266,92,33,14,2024-12-01,2024-12-02,Kredi Kartı,1,6
230,Yüzük,Yüzük Modeli 1,Giyim,Aksesuar,176,105,41,29,8,2024-12-21,2024-12-31,Nakit,1,6
231,Bileklik,Bileklik Modeli 3,Giyim,Aksesuar,214,140,97,35,53,2024-12-06,2024-12-26,Kredi Kartı,1,6
232,Küpe,Küpe Modeli 5,Giyim,Aksesuar,346,287,86,24,16,2024-12-05,2024-12-27,Kredi Kartı,1,6
233,Atkı,Atkı Modeli 4,Giyim,Aksesuar,317,251,88,66,17,2024-12-19,2024-12-29,Kredi Kartı,1,6
234,Bere,Bere Modeli 7,Giyim,Aksesuar,438,408,30,16,14,2024-12-18,2024-12-24,Nakit,1,6
235,Eldiven,Eldiven Modeli 3,Giyim,Aksesuar,131,99,23,16,0,2024-12-07,2024-12-30,Kredi Kartı,1,6
236,Kemer,Kemer Modeli 5,Giyim,Aksesuar,225,139,52,39,5,2024-12-25,2024-12-27,Kredi Kartı,1,6
237,Güneş Gözlüğü,Güneş Gözlüğü Modeli 10,Giyim,Aksesuar,463,403,50,8,14,2024-12-13,2024-12-28,Kredi Kartı,1,6
238,Maskara,Maskara Modeli 7,Kozmetik,Makyaj,172,153,57,27,26,2024-12-25,2024-12-28,Kredi Kartı,2,7
239,Allık,Allık Modeli 2,Kozmetik,Makyaj,485,431,17,12,3,2024-12-27,2024-12-31,Kredi Kartı,2,7
240,Fondöten,Fondöten Modeli 2,Kozmetik,Makyaj,141,120,45,11,7,2024-12-17,2024-12-26,Nakit,2,7
241,Oje,Oje Modeli 5,Kozmetik,Makyaj,210,183,16,6,0,2024-12-27,2024-12-28,Nakit,2,7
242,Göz Kalemi,Göz Kalemi Modeli 7,Kozmetik,Makyaj,154,57,84,83,0,2024-12-21,2024-12-26,Nakit,2,7
243,Şampuan,Şampuan Modeli 1,Kozmetik,Kişisel Bakım,303,280,34,12,9,2024-12-19,2024-12-24,Kredi Kartı,2,8
244,Saç Kremi,Saç Kremi Modeli 7,Kozmetik,Kişisel Bakım,317,302,52,32,1,2024-12-27,2024-12-28,Nakit,2,8
245,Diş Fırçası,Diş Fırçası Modeli 7,Kozmetik,Kişisel Bakım,371,347,87,36,19,2024-12-06,2024-12-26,Nakit,2,8
246,Diş Macunu,Diş Macunu Modeli 8,Kozmetik,Kişisel Bakım,60,25,35,32,3,2024-12-04,2024-12-12,Nakit,2,8
247,Diş İpi,Diş İpi Modeli 9,Kozmetik,Kişisel Bakım,59,42,49,32,16,2024-12-19,2024-12-24,Nakit,2,8
248,Deodorant,Deodorant Modeli 9,Kozmetik,Kişisel Bakım,232,176,41,12,12,2024-12-14,2024-12-28,Kredi Kartı,2,8
249,Parfüm,Parfüm Modeli 5,Kozmetik,Kişisel Bakım,89,25,40,28,9,2024-12-30,2024-12-31,Nakit,2,8
250,Nemlendirici Krem,Nemlendirici Krem Modeli 2,Kozmetik,Kişisel Bakım,396,313,100,20,73,2024-12-20,2024-12-31,Kredi Kartı,2,8
251,Duş Jeli,Duş Jeli Modeli 2,Kozmetik,Kişisel Bakım,319,243,16,12,1,2024-12-04,2024-12-28,Kredi Kartı,2,8
252,Güneş Kremi,Güneş Kremi Modeli 3,Kozmetik,Kişisel Bakım,472,424,34,11,10,2024-12-29,2024-12-30,Kredi Kartı,2,8
253,Tarak,Tarak Modeli 2,Kozmetik,Kişisel Bakım,432,415,40,17,9,2024-12-24,2024-12-29,Nakit,2,8
254,Süpürge,Süpürge Modeli 2,Elektronik,Küçük Ev Aletleri,326,265,64,53,1,2024-12-20,2024-12-24,Nakit,3,9
255,Robot Süpürge,Robot Süpürge Modeli 10,Elektronik,Küçük Ev Aletleri,360,296,84,33,29,2024-12-06,2024-12-31,Nakit,3,9
256,Kahve Makinesi,Kahve Makinesi Modeli 3,Elektronik,Küçük Ev Aletleri,333,245,28,3,1,2024-12-27,2024-12-30,Nakit,3,9
257,Çay Makinesi,Çay Makinesi Modeli 4,Elektronik,Küçük Ev Aletleri,365,305,90,46,40,2024-12-10,2024-12-15,Kredi Kartı,3,9
258,Blender,Blender Modeli 8,Elektronik,Küçük Ev Aletleri,388,324,51,38,12,2024-12-10,2024-12-28,Nakit,3,9
259,Tost Makinesi,Tost Makinesi Modeli 4,Elektronik,Küçük Ev Aletleri,119,77,54,5,14,2024-12-05,2024-12-10,Nakit,3,9
260,Su Isıtıcı,Su Isıtıcı Modeli 2,Elektronik,Küçük Ev Aletleri,396,329,21,21,0,2024-12-18,2024-12-26,Nakit,3,9
261,Mikser,Mikser Modeli 4,Elektronik,Küçük Ev Aletleri,177,164,14,1,6,2024-12-30,2024-12-31,Nakit,3,9
262,Airfryer,Airfryer Modeli 9,Elektronik,Küçük Ev Aletleri,229,187,73,33,9,2024-12-20,2024-12-22,Kredi Kartı,3,9
263,Akıllı Saat,Akıllı Saat Modeli 1,Elektronik,Giyilebilir Teknoloji,380,361,17,1,3,2024-12-26,2024-12-31,Nakit,3,10
264,Akıllı Bileklik,Akıllı Bileklik Modeli 7,Elektronik,Giyilebilir Teknoloji,288,188,24,6,16,2024-12-13,2024-12-22,Kredi Kartı,3,10
265,Android Cep Telefon,Android Cep Telefon Modeli 4,Elektronik,Telefon,492,401,76,35,39,2024-12-14,2024-12-18,Kredi Kartı,3,11
266,iOS Cep Telefon,iOS Cep Telefon Modeli 8,Elektronik,Telefon,210,165,66,47,2,2024-12-22,2024-12-27,Kredi Kartı,3,11
267,Buzdolabı,Buzdolabı Modeli 1,Elektronik,Beyaz Eşya,66,25,13,10,2,2024-12-16,2024-12-26,Nakit,3,12
268,Çamaşır Makinesi,Çamaşır Makinesi Modeli 8,Elektronik,Beyaz Eşya,402,315,83,41,17,2024-12-24,2024-12-30,Nakit,3,12
269,Bulaşık Makinesi,Bulaşık Makinesi Modeli 8,Elektronik,Beyaz Eşya,412,363,12,2,7,2024-12-27,2024-12-31,Kredi Kartı,3,12
270,Kurutma Makinesi,Kurutma Makinesi Modeli 5,Elektronik,Beyaz Eşya,359,309,18,1,5,2024-12-11,2024-12-22,Kredi Kartı,3,12
271,Derin Dondurucu,Derin Dondurucu Modeli 8,Elektronik,Beyaz Eşya,320,286,95,60,11,2024-12-24,2024-12-28,Kredi Kartı,3,12
272,Ankastre Set,Ankastre Set Modeli 6,Elektronik,Beyaz Eşya,483,455,98,63,7,2024-12-30,2024-12-31,Kredi Kartı,3,12
273,Kombi,Kombi Modeli 10,Elektronik,Beyaz Eşya,381,290,30,3,6,2024-12-10,2024-12-16,Kredi Kartı,3,12
274,Smart TV,Smart TV Modeli 1,Elektronik,Televizyon,372,308,82,58,11,2024-12-06,2024-12-25,Nakit,3,13
275,Fotoğraf Makinesi,Fotoğraf Makinesi Modeli 3,Elektronik,Kamera,221,148,95,73,4,2024-12-01,2024-12-20,Kredi Kartı,3,14
276,Aksiyon Kamera,Aksiyon Kamera Modeli 3,Elektronik,Kamera,98,63,47,11,12,2024-12-12,2024-12-30,Kredi Kartı,3,14
277,Şipşak Fotoğraf Makinesi ,Şipşak Fotoğraf Makinesi  Modeli 3,Elektronik,Kamera,91,32,64,26,5,2024-12-07,2024-12-10,Nakit,3,14
278,Telefon Kılıfı,Telefon Kılıfı Modeli 8,Elektronik,Aksesuarlar,389,376,65,58,3,2024-12-14,2024-12-27,Kredi Kartı,3,15
279,Şarj Aleti,Şarj Aleti Modeli 9,Elektronik,Aksesuarlar,349,321,86,83,3,2024-12-27,2024-12-29,Kredi Kartı,3,15
280,Powerbank,Powerbank Modeli 4,Elektronik,Aksesuarlar,340,297,87,72,0,2024-12-21,2024-12-31,Nakit,3,15
281,Kulaklık,Kulaklık Modeli 1,Elektronik,Aksesuarlar,429,395,44,11,22,2024-12-01,2024-12-24,Nakit,3,15
282,Hafıza Kartı,Hafıza Kartı Modeli 3,Elektronik,Aksesuarlar,246,225,51,34,8,2024-12-02,2024-12-08,Nakit,3,15
283,Hoparlör,Hoparlör Modeli 5,Elektronik,Aksesuarlar,308,279,70,62,2,2024-12-20,2024-12-22,Kredi Kartı,3,15
284,Tv Kumandası,Tv Kumandası Modeli 3,Elektronik,Aksesuarlar,237,217,33,16,9,2024-12-24,2024-12-29,Kredi Kartı,3,15
285,HDMI Kablo,HDMI Kablo Modeli 1,Elektronik,Aksesuarlar,379,327,23,4,13,2024-12-15,2024-12-19,Nakit,3,15
286,Kablo & Adaptör,Kablo & Adaptör Modeli 10,Elektronik,Aksesuarlar,384,329,23,8,11,2024-12-12,2024-12-23,Nakit,3,15
287,Tencere,Tencere Modeli 7,Ev,Sofra & Mutfak,166,131,70,5,0,2024-12-08,2024-12-11,Kredi Kartı,4,16
288,Yemek Takımı,Yemek Takımı Modeli 2,Ev,Sofra & Mutfak,97,57,67,63,1,2024-12-01,2024-12-05,Kredi Kartı,4,16
289,Kahvaltı Takımı,Kahvaltı Takımı Modeli 9,Ev,Sofra & Mutfak,304,293,94,0,52,2024-12-01,2024-12-25,Nakit,4,16
290,Çatal Bıçak Seti,Çatal Bıçak Seti Modeli 4,Ev,Sofra & Mutfak,317,286,82,68,3,2024-12-27,2024-12-28,Kredi Kartı,4,16
291,Fincan Takımı,Fincan Takımı Modeli 4,Ev,Sofra & Mutfak,198,182,83,22,21,2024-12-10,2024-12-23,Kredi Kartı,4,16
292,Bardak,Bardak Modeli 3,Ev,Sofra & Mutfak,418,382,74,68,6,2024-12-04,2024-12-28,Kredi Kartı,4,16
293,Çamaşır Sepeti,Çamaşır Sepeti Modeli 4,Ev,Ev Gereçleri,299,287,11,8,3,2024-12-25,2024-12-28,Kredi Kartı,4,17
294,Ütü Masası,Ütü Masası Modeli 6,Ev,Ev Gereçleri,405,366,97,51,28,2024-12-07,2024-12-11,Kredi Kartı,4,17
295,Nevresim Takımı,Nevresim Takımı Modeli 9,Ev,Ev Tekstili,488,457,31,6,18,2024-12-14,2024-12-29,Kredi Kartı,4,18
296,Koltuk  Örtüsü,Koltuk  Örtüsü Modeli 5,Ev,Ev Tekstili,345,292,91,30,59,2024-12-24,2024-12-26,Nakit,4,18
297,Perde,Perde Modeli 10,Ev,Ev Tekstili,499,417,73,9,38,2024-12-18,2024-12-22,Nakit,4,18
298,Paspas,Paspas Modeli 3,Ev,Ev Tekstili,193,116,73,30,10,2024-12-08,2024-12-19,Kredi Kartı,4,18
299,Halı,Halı Modeli 9,Ev,Ev Tekstili,379,339,30,19,5,2024-12-23,2024-12-27,Nakit,4,18
300,Havlu & Bornoz,Havlu & Bornoz Modeli 7,Ev,Ev Tekstili,195,151,74,11,36,2024-12-01,2024-12-03,Nakit,4,18
301,Tablo,Tablo Modeli 4,Ev,Ev Dekorasyon,181,113,86,9,12,2024-12-30,2024-12-31,Nakit,4,19
302,Vazo,Vazo Modeli 5,Ev,Ev Dekorasyon,160,105,24,5,13,2024-12-25,2024-12-26,Kredi Kartı,4,19
303,Duvar Saati,Duvar Saati Modeli 8,Ev,Ev Dekorasyon,54,25,66,17,22,2024-12-24,2024-12-25,Nakit,4,19
304,Avize,Avize Modeli 3,Ev,Ev Aydınlatma,85,64,28,13,15,2024-12-07,2024-12-11,Kredi Kartı,4,20
305,Lambader,Lambader Modeli 6,Ev,Ev Dekorasyon,414,322,66,17,9,2024-12-03,2024-12-07,Kredi Kartı,4,19
306,Yatak Odası Takımı,Yatak Odası Takımı Modeli 2,Ev,Mobilya,238,200,51,10,12,2024-12-08,2024-12-23,Kredi Kartı,4,21
307,Oturma Odası Takımı,Oturma Odası Takımı Modeli 5,Ev,Mobilya,65,25,77,19,46,2024-12-26,2024-12-31,Nakit,4,21
308,Bahçe Mobilyası,Bahçe Mobilyası Modeli 9,Ev,Mobilya,427,394,30,0,26,2024-12-04,2024-12-23,Nakit,4,21
309,Yemek Odası Takımı,Yemek Odası Takımı Modeli 2,Ev,Mobilya,489,479,64,38,22,2024-12-17,2024-12-18,Nakit,4,21
310,Genç Odası Takımı,Genç Odası Takımı Modeli 1,Ev,Mobilya,453,367,28,27,1,2024-12-18,2024-12-27,Nakit,4,21
311,Koltuk Takımı,Koltuk Takımı Modeli 9,Ev,Mobilya,287,253,11,8,2,2024-12-10,2024-12-14,Kredi Kartı,4,21
312,Dolap,Dolap Modeli 1,Ev,Mobilya,466,372,35,15,17,2024-12-07,2024-12-24,Nakit,4,21
313,Gardırop,Gardırop Modeli 3,Ev,Mobilya,64,25,28,22,3,2024-12-19,2024-12-25,Nakit,4,21
314,Sandalye,Sandalye Modeli 1,Ev,Mobilya,478,466,69,18,24,2024-12-02,2024-12-11,Kredi Kartı,4,21
315,Zigon,Zigon Modeli 4,Ev,Mobilya,252,206,94,30,44,2024-12-25,2024-12-29,Kredi Kartı,4,21
316,Mont,Mont Modeli 4,Giyim,Dış Giyim,404,340,92,39,25,2024-12-01,2024-12-03,Kredi Kartı,1,1
317,Spor Ayakkabı,Spor Ayakkabı Modeli 1,Giyim,Ayakkabı,449,385,52,39,13,2024-12-01,2024-12-11,Kredi Kartı,1,2
318,Topuklu Ayakkabı,Topuklu Ayakkabı Modeli 3,Giyim,Ayakkabı,132,85,12,8,1,2024-12-23,2024-12-26,Nakit,1,2
319,Günlük Ayakkabı,Günlük Ayakkabı Modeli 2,Giyim,Ayakkabı,243,181,67,33,0,2024-12-07,2024-12-10,Kredi Kartı,1,2
320,Bot,Bot Modeli 7,Giyim,Ayakkabı,344,334,87,49,14,2024-12-05,2024-12-31,Nakit,1,2
321,Çizme,Çizme Modeli 4,Giyim,Ayakkabı,350,332,77,76,1,2024-12-04,2024-12-24,Nakit,1,2
322,Terlik,Terlik Modeli 7,Giyim,Ayakkabı,89,56,67,4,41,2024-12-02,2024-12-18,Nakit,1,2
323,Çocuk Montu,Çocuk Montu Modeli 1,Giyim,Çocuk Giyim,206,135,94,89,4,2024-12-18,2024-12-20,Nakit,1,3
324,Tişört,Tişört Modeli 3,Giyim,Üst Giyim,132,59,39,5,27,2024-12-05,2024-12-26,Nakit,1,4
325,Gömlek,Gömlek Modeli 6,Giyim,Üst Giyim,474,381,35,3,14,2024-12-14,2024-12-25,Kredi Kartı,1,4
326,Pantalon,Pantalon Modeli 2,Giyim,Alt Giyim,136,82,56,55,1,2024-12-21,2024-12-27,Kredi Kartı,1,5
327,Etek,Etek Modeli 3,Giyim,Alt Giyim,250,195,18,2,11,2024-12-17,2024-12-26,Kredi Kartı,1,5
328,Kazak,Kazak Modeli 5,Giyim,Üst Giyim,127,62,57,18,25,2024-12-15,2024-12-29,Nakit,1,4
329,Trençkot,Trençkot Modeli 9,Giyim,Dış Giyim,311,222,47,37,9,2024-12-04,2024-12-26,Nakit,1,1
330,Hırka,Hırka Modeli 5,Giyim,Üst Giyim,486,421,78,14,56,2024-12-23,2024-12-28,Nakit,1,4
331,Kol Çantası,Kol Çantası Modeli 7,Giyim,Aksesuar,263,200,41,5,2,2024-12-15,2024-12-26,Kredi Kartı,1,6
332,Saat,Saat Modeli 8,Giyim,Aksesuar,319,255,23,19,4,2024-12-17,2024-12-29,Kredi Kartı,1,6
333,Cüzdan,Cüzdan Modeli 9,Giyim,Aksesuar,240,210,82,25,22,2024-12-10,2024-12-18,Nakit,1,6
334,Kolye,Kolye Modeli 10,Giyim,Aksesuar,78,31,37,15,0,2024-12-09,2024-12-31,Nakit,1,6
335,Yüzük,Yüzük Modeli 10,Giyim,Aksesuar,179,141,30,2,7,2024-12-21,2024-12-23,Kredi Kartı,1,6
336,Bileklik,Bileklik Modeli 9,Giyim,Aksesuar,388,335,59,31,3,2024-12-23,2024-12-26,Nakit,1,6
337,Küpe,Küpe Modeli 10,Giyim,Aksesuar,338,323,18,8,5,2024-12-01,2024-12-29,Kredi Kartı,1,6
338,Atkı,Atkı Modeli 3,Giyim,Aksesuar,257,243,12,7,2,2024-12-14,2024-12-27,Nakit,1,6
339,Bere,Bere Modeli 8,Giyim,Aksesuar,219,132,40,28,7,2024-12-12,2024-12-29,Kredi Kartı,1,6
340,Eldiven,Eldiven Modeli 3,Giyim,Aksesuar,148,48,44,1,23,2024-12-27,2024-12-31,Nakit,1,6
341,Kemer,Kemer Modeli 10,Giyim,Aksesuar,348,292,92,4,1,2024-12-28,2024-12-31,Nakit,1,6
342,Güneş Gözlüğü,Güneş Gözlüğü Modeli 4,Giyim,Aksesuar,442,401,79,74,5,2024-12-10,2024-12-28,Kredi Kartı,1,6
343,Maskara,Maskara Modeli 3,Kozmetik,Makyaj,154,101,33,20,5,2024-12-06,2024-12-07,Kredi Kartı,2,7
344,Ruj,Ruj Modeli 4,Kozmetik,Makyaj,464,387,64,48,14,2024-12-09,2024-12-21,Kredi Kartı,2,7
345,Allık,Allık Modeli 8,Kozmetik,Makyaj,258,246,89,39,8,2024-12-21,2024-12-25,Nakit,2,7
346,Fondöten,Fondöten Modeli 8,Kozmetik,Makyaj,200,137,20,7,0,2024-12-13,2024-12-18,Kredi Kartı,2,7
347,Oje,Oje Modeli 9,Kozmetik,Makyaj,478,463,50,1,26,2024-12-21,2024-12-27,Nakit,2,7
348,Göz Kalemi,Göz Kalemi Modeli 9,Kozmetik,Makyaj,288,236,22,3,7,2024-12-01,2024-12-09,Kredi Kartı,2,7
349,Şampuan,Şampuan Modeli 9,Kozmetik,Kişisel Bakım,219,136,59,10,36,2024-12-29,2024-12-31,Nakit,2,8
350,Saç Kremi,Saç Kremi Modeli 6,Kozmetik,Kişisel Bakım,157,77,83,55,6,2024-12-20,2024-12-22,Nakit,2,8
351,Diş Fırçası,Diş Fırçası Modeli 7,Kozmetik,Kişisel Bakım,268,213,25,0,23,2024-12-27,2024-12-28,Kredi Kartı,2,8
352,Diş Macunu,Diş Macunu Modeli 1,Kozmetik,Kişisel Bakım,453,411,46,29,2,2024-12-25,2024-12-29,Kredi Kartı,2,8
353,Deodorant,Deodorant Modeli 9,Kozmetik,Kişisel Bakım,328,250,47,5,26,2024-12-24,2024-12-28,Kredi Kartı,2,8
354,Nemlendirici Krem,Nemlendirici Krem Modeli 9,Kozmetik,Kişisel Bakım,442,352,40,21,19,2024-12-26,2024-12-28,Kredi Kartı,2,8
355,Duş Jeli,Duş Jeli Modeli 7,Kozmetik,Kişisel Bakım,474,455,51,8,1,2024-12-30,2024-12-31,Kredi Kartı,2,8
356,Kese,Kese Modeli 8,Kozmetik,Kişisel Bakım,363,311,71,42,4,2024-12-16,2024-12-31,Nakit,2,8
357,Güneş Kremi,Güneş Kremi Modeli 9,Kozmetik,Kişisel Bakım,286,211,50,23,8,2024-12-17,2024-12-30,Kredi Kartı,2,8
358,Tarak,Tarak Modeli 7,Kozmetik,Kişisel Bakım,343,269,10,8,1,2024-12-13,2024-12-28,Kredi Kartı,2,8
359,Süpürge,Süpürge Modeli 6,Elektronik,Küçük Ev Aletleri,438,418,15,6,7,2024-12-10,2024-12-24,Kredi Kartı,3,9
360,Robot Süpürge,Robot Süpürge Modeli 3,Elektronik,Küçük Ev Aletleri,448,365,77,44,27,2024-12-08,2024-12-23,Nakit,3,9
361,Ütü,Ütü Modeli 10,Elektronik,Küçük Ev Aletleri,394,336,23,5,8,2024-12-11,2024-12-16,Kredi Kartı,3,9
362,Kahve Makinesi,Kahve Makinesi Modeli 4,Elektronik,Küçük Ev Aletleri,62,42,65,41,24,2024-12-16,2024-12-30,Nakit,3,9
363,Çay Makinesi,Çay Makinesi Modeli 9,Elektronik,Küçük Ev Aletleri,158,98,87,27,17,2024-12-06,2024-12-07,Nakit,3,9
364,Blender,Blender Modeli 8,Elektronik,Küçük Ev Aletleri,302,207,100,58,14,2024-12-06,2024-12-23,Kredi Kartı,3,9
365,Tost Makinesi,Tost Makinesi Modeli 10,Elektronik,Küçük Ev Aletleri,150,101,61,60,0,2024-12-01,2024-12-10,Nakit,3,9
366,Su Isıtıcı,Su Isıtıcı Modeli 5,Elektronik,Küçük Ev Aletleri,233,136,84,44,35,2024-12-19,2024-12-30,Nakit,3,9
367,Mikser,Mikser Modeli 9,Elektronik,Küçük Ev Aletleri,92,51,89,11,41,2024-12-08,2024-12-16,Kredi Kartı,3,9
368,Airfryer,Airfryer Modeli 8,Elektronik,Küçük Ev Aletleri,433,336,96,50,36,2024-12-16,2024-12-20,Nakit,3,9
369,Akıllı Saat,Akıllı Saat Modeli 7,Elektronik,Giyilebilir Teknoloji,267,201,52,26,6,2024-12-28,2024-12-30,Kredi Kartı,3,10
370,Android Cep Telefon,Android Cep Telefon Modeli 3,Elektronik,Telefon,384,309,23,1,21,2024-12-04,2024-12-30,Kredi Kartı,3,11
371,Buzdolabı,Buzdolabı Modeli 9,Elektronik,Beyaz Eşya,109,97,41,3,33,2024-12-22,2024-12-25,Kredi Kartı,3,12
372,Bulaşık Makinesi,Bulaşık Makinesi Modeli 1,Elektronik,Beyaz Eşya,181,150,40,10,27,2024-12-03,2024-12-04,Nakit,3,12
373,Kurutma Makinesi,Kurutma Makinesi Modeli 10,Elektronik,Beyaz Eşya,266,235,55,55,0,2024-12-10,2024-12-28,Kredi Kartı,3,12
374,Derin Dondurucu,Derin Dondurucu Modeli 6,Elektronik,Beyaz Eşya,243,208,52,33,5,2024-12-05,2024-12-13,Nakit,3,12
375,Ankastre Set,Ankastre Set Modeli 5,Elektronik,Beyaz Eşya,123,65,39,33,4,2024-12-25,2024-12-28,Nakit,3,12
376,Kombi,Kombi Modeli 7,Elektronik,Beyaz Eşya,290,230,96,90,0,2024-12-11,2024-12-21,Nakit,3,12
377,Mikrodalga Fırın,Mikrodalga Fırın Modeli 5,Elektronik,Beyaz Eşya,83,68,97,76,18,2024-12-17,2024-12-28,Nakit,3,12
378,Smart TV,Smart TV Modeli 2,Elektronik,Televizyon,417,324,11,0,0,2024-12-21,2024-12-29,Kredi Kartı,3,13
379,Fotoğraf Makinesi,Fotoğraf Makinesi Modeli 2,Elektronik,Kamera,281,247,87,47,20,2024-12-03,2024-12-11,Kredi Kartı,3,14
380,Aksiyon Kamera,Aksiyon Kamera Modeli 1,Elektronik,Kamera,236,186,36,0,15,2024-12-02,2024-12-20,Nakit,3,14
381,Şipşak Fotoğraf Makinesi ,Şipşak Fotoğraf Makinesi  Modeli 9,Elektronik,Kamera,387,324,87,36,19,2024-12-18,2024-12-27,Kredi Kartı,3,14
382,Telefon Kılıfı,Telefon Kılıfı Modeli 4,Elektronik,Aksesuarlar,226,208,89,64,14,2024-12-13,2024-12-19,Nakit,3,15
383,Şarj Aleti,Şarj Aleti Modeli 5,Elektronik,Aksesuarlar,453,413,45,34,4,2024-12-06,2024-12-18,Kredi Kartı,3,15
384,Powerbank,Powerbank Modeli 2,Elektronik,Aksesuarlar,346,261,63,0,16,2024-12-24,2024-12-26,Kredi Kartı,3,15
385,Kulaklık,Kulaklık Modeli 7,Elektronik,Aksesuarlar,216,188,60,13,28,2024-12-19,2024-12-27,Kredi Kartı,3,15
386,Hafıza Kartı,Hafıza Kartı Modeli 8,Elektronik,Aksesuarlar,371,293,42,36,0,2024-12-07,2024-12-31,Nakit,3,15
387,Hoparlör,Hoparlör Modeli 4,Elektronik,Aksesuarlar,50,25,40,11,18,2024-12-08,2024-12-28,Kredi Kartı,3,15
388,Projeksiyon Cihazı,Projeksiyon Cihazı Modeli 1,Elektronik,Aksesuarlar,123,85,77,63,12,2024-12-01,2024-12-16,Kredi Kartı,3,15
389,Tv Kumandası,Tv Kumandası Modeli 4,Elektronik,Aksesuarlar,374,305,68,37,25,2024-12-08,2024-12-21,Kredi Kartı,3,15
390,HDMI Kablo,HDMI Kablo Modeli 5,Elektronik,Aksesuarlar,212,195,59,8,2,2024-12-27,2024-12-28,Kredi Kartı,3,15
391,Kablo & Adaptör,Kablo & Adaptör Modeli 9,Elektronik,Aksesuarlar,250,229,27,4,11,2024-12-16,2024-12-17,Kredi Kartı,3,15
392,Tencere,Tencere Modeli 1,Ev,Sofra & Mutfak,427,349,53,33,18,2024-12-28,2024-12-31,Nakit,4,16
393,Yemek Takımı,Yemek Takımı Modeli 1,Ev,Sofra & Mutfak,407,339,74,71,0,2024-12-08,2024-12-16,Kredi Kartı,4,16
394,Kahvaltı Takımı,Kahvaltı Takımı Modeli 10,Ev,Sofra & Mutfak,386,352,55,5,40,2024-12-12,2024-12-17,Kredi Kartı,4,16
395,Çatal Bıçak Seti,Çatal Bıçak Seti Modeli 3,Ev,Sofra & Mutfak,355,277,86,57,18,2024-12-02,2024-12-28,Nakit,4,16
396,Fincan Takımı,Fincan Takımı Modeli 4,Ev,Sofra & Mutfak,295,204,17,16,1,2024-12-17,2024-12-25,Nakit,4,16
397,Hurç,Hurç Modeli 8,Ev,Ev Gereçleri,377,366,63,33,30,2024-12-25,2024-12-29,Kredi Kartı,4,17
398,Askı,Askı Modeli 6,Ev,Ev Gereçleri,247,183,66,51,13,2024-12-24,2024-12-26,Kredi Kartı,4,17
399,Çamaşır Sepeti,Çamaşır Sepeti Modeli 3,Ev,Ev Gereçleri,120,25,46,37,0,2024-12-20,2024-12-30,Nakit,4,17
400,Ütü Masası,Ütü Masası Modeli 4,Ev,Ev Gereçleri,52,25,83,60,14,2024-12-08,2024-12-16,Nakit,4,17
401,Nevresim Takımı,Nevresim Takımı Modeli 6,Ev,Ev Tekstili,282,214,51,27,11,2024-12-16,2024-12-27,Nakit,4,18
402,Yastık & Yorgan,Yastık & Yorgan Modeli 7,Ev,Ev Tekstili,364,349,49,45,0,2024-12-10,2024-12-12,Nakit,4,18
403,Koltuk  Örtüsü,Koltuk  Örtüsü Modeli 6,Ev,Ev Tekstili,289,210,56,2,39,2024-12-17,2024-12-22,Nakit,4,18
404,Perde,Perde Modeli 4,Ev,Ev Tekstili,108,25,20,10,4,2024-12-10,2024-12-15,Nakit,4,18
405,Paspas,Paspas Modeli 7,Ev,Ev Tekstili,179,101,29,22,5,2024-12-08,2024-12-20,Nakit,4,18
406,Halı,Halı Modeli 3,Ev,Ev Tekstili,102,80,21,6,6,2024-12-07,2024-12-13,Nakit,4,18
407,Havlu & Bornoz,Havlu & Bornoz Modeli 8,Ev,Ev Tekstili,126,66,45,37,5,2024-12-25,2024-12-26,Nakit,4,18
408,Ayna,Ayna Modeli 6,Ev,Ev Dekorasyon,88,25,43,43,0,2024-12-08,2024-12-28,Kredi Kartı,4,19
409,Tablo,Tablo Modeli 9,Ev,Ev Dekorasyon,199,177,42,41,1,2024-12-30,2024-12-31,Nakit,4,19
410,Vazo,Vazo Modeli 7,Ev,Ev Dekorasyon,296,250,74,59,4,2024-12-02,2024-12-05,Nakit,4,19
411,Duvar Saati,Duvar Saati Modeli 3,Ev,Ev Dekorasyon,447,366,54,49,4,2024-12-17,2024-12-20,Kredi Kartı,4,19
412,Avize,Avize Modeli 9,Ev,Ev Aydınlatma,236,160,93,83,3,2024-12-25,2024-12-26,Nakit,4,20
413,Lambader,Lambader Modeli 2,Ev,Ev Dekorasyon,215,148,67,15,14,2024-12-09,2024-12-26,Nakit,4,19
414,Yatak Odası Takımı,Yatak Odası Takımı Modeli 7,Ev,Mobilya,442,400,50,4,7,2024-12-09,2024-12-12,Kredi Kartı,4,21
415,Oturma Odası Takımı,Oturma Odası Takımı Modeli 9,Ev,Mobilya,91,25,83,39,15,2024-12-11,2024-12-14,Kredi Kartı,4,21
416,Bahçe Mobilyası,Bahçe Mobilyası Modeli 4,Ev,Mobilya,137,39,52,51,0,2024-12-29,2024-12-31,Kredi Kartı,4,21
417,Yemek Odası Takımı,Yemek Odası Takımı Modeli 7,Ev,Mobilya,340,250,62,46,12,2024-12-16,2024-12-28,Nakit,4,21
418,Çocuk Odası Takımı,Çocuk Odası Takımı Modeli 7,Ev,Mobilya,385,298,23,16,6,2024-12-15,2024-12-28,Kredi Kartı,4,21
419,Genç Odası Takımı,Genç Odası Takımı Modeli 7,Ev,Mobilya,296,198,74,74,0,2024-12-27,2024-12-30,Nakit,4,21
420,Koltuk Takımı,Koltuk Takımı Modeli 4,Ev,Mobilya,454,441,81,34,41,2024-12-22,2024-12-27,Kredi Kartı,4,21
421,Dolap,Dolap Modeli 7,Ev,Mobilya,438,387,96,79,13,2024-12-18,2024-12-25,Nakit,4,21
422,Sandalye,Sandalye Modeli 1,Ev,Mobilya,296,247,87,74,7,2024-12-07,2024-12-12,Nakit,4,21
423,Zigon,Zigon Modeli 8,Ev,Mobilya,479,413,53,15,4,2024-12-20,2024-12-31,Nakit,4,21
424,Mont,Mont Modeli 4,Giyim,Dış Giyim,239,199,17,13,3,2024-12-15,2024-12-29,Kredi Kartı,1,1
425,Spor Ayakkabı,Spor Ayakkabı Modeli 2,Giyim,Ayakkabı,420,325,47,7,15,2024-12-10,2024-12-24,Kredi Kartı,1,2
426,Topuklu Ayakkabı,Topuklu Ayakkabı Modeli 10,Giyim,Ayakkabı,232,190,62,18,34,2024-12-21,2024-12-31,Nakit,1,2
427,Günlük Ayakkabı,Günlük Ayakkabı Modeli 3,Giyim,Ayakkabı,356,268,78,56,20,2024-12-12,2024-12-27,Nakit,1,2
428,Bot,Bot Modeli 7,Giyim,Ayakkabı,185,102,46,20,17,2024-12-26,2024-12-29,Kredi Kartı,1,2
429,Çizme,Çizme Modeli 9,Giyim,Ayakkabı,225,190,81,10,12,2024-12-26,2024-12-27,Kredi Kartı,1,2
430,Terlik,Terlik Modeli 5,Giyim,Ayakkabı,314,222,39,1,1,2024-12-20,2024-12-24,Nakit,1,2
431,Çocuk Montu,Çocuk Montu Modeli 5,Giyim,Çocuk Giyim,203,117,57,35,11,2024-12-22,2024-12-31,Nakit,1,3
432,Tişört,Tişört Modeli 6,Giyim,Üst Giyim,212,134,30,23,3,2024-12-21,2024-12-22,Kredi Kartı,1,4
433,Gömlek,Gömlek Modeli 8,Giyim,Üst Giyim,337,274,41,26,6,2024-12-16,2024-12-22,Kredi Kartı,1,4
434,Pantalon,Pantalon Modeli 6,Giyim,Alt Giyim,415,361,78,78,0,2024-12-03,2024-12-12,Nakit,1,5
435,Etek,Etek Modeli 9,Giyim,Alt Giyim,66,25,17,13,2,2024-12-16,2024-12-29,Kredi Kartı,1,5
436,Kazak,Kazak Modeli 4,Giyim,Üst Giyim,288,205,79,52,22,2024-12-18,2024-12-21,Nakit,1,4
437,Trençkot,Trençkot Modeli 5,Giyim,Dış Giyim,488,459,18,11,1,2024-12-27,2024-12-29,Kredi Kartı,1,1
438,Hırka,Hırka Modeli 8,Giyim,Üst Giyim,181,101,18,4,7,2024-12-25,2024-12-27,Nakit,1,4
439,Kol Çantası,Kol Çantası Modeli 4,Giyim,Aksesuar,76,46,11,11,0,2024-12-27,2024-12-31,Nakit,1,6
440,Saat,Saat Modeli 6,Giyim,Aksesuar,394,342,99,26,0,2024-12-05,2024-12-31,Nakit,1,6
441,Cüzdan,Cüzdan Modeli 6,Giyim,Aksesuar,102,25,13,0,4,2024-12-29,2024-12-31,Nakit,1,6
442,Kolye,Kolye Modeli 7,Giyim,Aksesuar,179,82,80,33,35,2024-12-28,2024-12-29,Kredi Kartı,1,6
443,Yüzük,Yüzük Modeli 7,Giyim,Aksesuar,245,208,89,38,9,2024-12-14,2024-12-17,Nakit,1,6
444,Bileklik,Bileklik Modeli 6,Giyim,Aksesuar,130,33,74,37,31,2024-12-18,2024-12-29,Nakit,1,6
445,Küpe,Küpe Modeli 6,Giyim,Aksesuar,494,452,11,11,0,2024-12-21,2024-12-22,Kredi Kartı,1,6
446,Atkı,Atkı Modeli 10,Giyim,Aksesuar,231,194,100,59,14,2024-12-20,2024-12-31,Nakit,1,6
447,Bere,Bere Modeli 3,Giyim,Aksesuar,81,25,78,56,14,2024-12-01,2024-12-16,Nakit,1,6
448,Eldiven,Eldiven Modeli 6,Giyim,Aksesuar,347,260,66,55,3,2024-12-02,2024-12-26,Kredi Kartı,1,6
449,Kemer,Kemer Modeli 7,Giyim,Aksesuar,400,364,49,10,30,2024-12-09,2024-12-16,Kredi Kartı,1,6
450,Güneş Gözlüğü,Güneş Gözlüğü Modeli 2,Giyim,Aksesuar,358,310,41,12,27,2024-12-03,2024-12-26,Nakit,1,6
451,Maskara,Maskara Modeli 3,Kozmetik,Makyaj,79,28,69,19,48,2024-12-22,2024-12-26,Kredi Kartı,2,7
452,Ruj,Ruj Modeli 2,Kozmetik,Makyaj,268,252,36,18,10,2024-12-03,2024-12-25,Kredi Kartı,2,7
453,Allık,Allık Modeli 10,Kozmetik,Makyaj,80,33,78,20,38,2024-12-01,2024-12-02,Nakit,2,7
454,Fondöten,Fondöten Modeli 3,Kozmetik,Makyaj,456,382,66,21,41,2024-12-24,2024-12-29,Kredi Kartı,2,7
455,Oje,Oje Modeli 10,Kozmetik,Makyaj,169,126,77,37,11,2024-12-24,2024-12-26,Nakit,2,7
456,Göz Kalemi,Göz Kalemi Modeli 2,Kozmetik,Makyaj,397,347,30,21,8,2024-12-28,2024-12-31,Nakit,2,7
457,Şampuan,Şampuan Modeli 2,Kozmetik,Kişisel Bakım,120,61,65,51,13,2024-12-16,2024-12-27,Nakit,2,8
458,Diş Fırçası,Diş Fırçası Modeli 9,Kozmetik,Kişisel Bakım,464,437,100,55,9,2024-12-21,2024-12-29,Nakit,2,8
459,Diş Macunu,Diş Macunu Modeli 8,Kozmetik,Kişisel Bakım,194,139,58,52,0,2024-12-14,2024-12-30,Nakit,2,8
460,Diş İpi,Diş İpi Modeli 6,Kozmetik,Kişisel Bakım,166,111,28,24,0,2024-12-12,2024-12-14,Nakit,2,8
461,Deodorant,Deodorant Modeli 7,Kozmetik,Kişisel Bakım,219,208,96,11,45,2024-12-13,2024-12-27,Kredi Kartı,2,8
462,Parfüm,Parfüm Modeli 7,Kozmetik,Kişisel Bakım,423,353,23,20,1,2024-12-25,2024-12-28,Kredi Kartı,2,8
463,Nemlendirici Krem,Nemlendirici Krem Modeli 3,Kozmetik,Kişisel Bakım,75,31,13,7,5,2024-12-14,2024-12-27,Nakit,2,8
464,Duş Jeli,Duş Jeli Modeli 6,Kozmetik,Kişisel Bakım,394,324,63,46,14,2024-12-10,2024-12-23,Kredi Kartı,2,8
465,Kese,Kese Modeli 8,Kozmetik,Kişisel Bakım,407,326,23,3,16,2024-12-26,2024-12-29,Nakit,2,8
466,Güneş Kremi,Güneş Kremi Modeli 7,Kozmetik,Kişisel Bakım,130,60,78,30,21,2024-12-29,2024-12-31,Nakit,2,8
467,Tarak,Tarak Modeli 8,Kozmetik,Kişisel Bakım,173,109,83,69,8,2024-12-16,2024-12-30,Nakit,2,8
468,Süpürge,Süpürge Modeli 9,Elektronik,Küçük Ev Aletleri,418,339,73,64,8,2024-12-15,2024-12-26,Nakit,3,9
469,Robot Süpürge,Robot Süpürge Modeli 7,Elektronik,Küçük Ev Aletleri,244,186,56,24,0,2024-12-03,2024-12-21,Nakit,3,9
470,Ütü,Ütü Modeli 10,Elektronik,Küçük Ev Aletleri,120,62,64,43,16,2024-12-26,2024-12-30,Nakit,3,9
471,Kahve Makinesi,Kahve Makinesi Modeli 3,Elektronik,Küçük Ev Aletleri,461,366,40,36,4,2024-12-19,2024-12-21,Nakit,3,9
472,Çay Makinesi,Çay Makinesi Modeli 5,Elektronik,Küçük Ev Aletleri,70,25,57,34,1,2024-12-07,2024-12-12,Nakit,3,9
473,Blender,Blender Modeli 2,Elektronik,Küçük Ev Aletleri,223,197,44,37,0,2024-12-21,2024-12-30,Kredi Kartı,3,9
474,Tost Makinesi,Tost Makinesi Modeli 5,Elektronik,Küçük Ev Aletleri,274,193,61,10,29,2024-12-09,2024-12-12,Kredi Kartı,3,9
475,Mikser,Mikser Modeli 4,Elektronik,Küçük Ev Aletleri,264,219,55,43,8,2024-12-19,2024-12-24,Kredi Kartı,3,9
476,Airfryer,Airfryer Modeli 4,Elektronik,Küçük Ev Aletleri,75,45,53,22,24,2024-12-09,2024-12-20,Kredi Kartı,3,9
477,Akıllı Saat,Akıllı Saat Modeli 9,Elektronik,Giyilebilir Teknoloji,465,402,84,47,13,2024-12-04,2024-12-07,Nakit,3,10
478,Akıllı Bileklik,Akıllı Bileklik Modeli 9,Elektronik,Giyilebilir Teknoloji,462,375,42,22,5,2024-12-21,2024-12-26,Nakit,3,10
479,Android Cep Telefon,Android Cep Telefon Modeli 4,Elektronik,Telefon,118,108,73,44,1,2024-12-14,2024-12-18,Nakit,3,11
480,iOS Cep Telefon,iOS Cep Telefon Modeli 4,Elektronik,Telefon,410,310,65,6,21,2024-12-21,2024-12-29,Nakit,3,11
481,Buzdolabı,Buzdolabı Modeli 2,Elektronik,Beyaz Eşya,205,111,86,86,0,2024-12-07,2024-12-21,Nakit,3,12
482,Çamaşır Makinesi,Çamaşır Makinesi Modeli 2,Elektronik,Beyaz Eşya,362,333,22,15,1,2024-12-18,2024-12-28,Nakit,3,12
483,Bulaşık Makinesi,Bulaşık Makinesi Modeli 8,Elektronik,Beyaz Eşya,321,238,74,57,14,2024-12-20,2024-12-26,Nakit,3,12
484,Kurutma Makinesi,Kurutma Makinesi Modeli 5,Elektronik,Beyaz Eşya,196,135,15,13,0,2024-12-16,2024-12-17,Nakit,3,12
485,Derin Dondurucu,Derin Dondurucu Modeli 2,Elektronik,Beyaz Eşya,204,110,56,12,36,2024-12-14,2024-12-30,Nakit,3,12
486,Ankastre Set,Ankastre Set Modeli 9,Elektronik,Beyaz Eşya,193,116,40,38,1,2024-12-11,2024-12-15,Nakit,3,12
487,Kombi,Kombi Modeli 10,Elektronik,Beyaz Eşya,435,421,13,3,9,2024-12-12,2024-12-21,Kredi Kartı,3,12
488,Mikrodalga Fırın,Mikrodalga Fırın Modeli 6,Elektronik,Beyaz Eşya,198,137,47,40,3,2024-12-10,2024-12-31,Nakit,3,12
489,Smart TV,Smart TV Modeli 3,Elektronik,Televizyon,79,25,60,43,15,2024-12-09,2024-12-30,Nakit,3,13
490,Fotoğraf Makinesi,Fotoğraf Makinesi Modeli 7,Elektronik,Kamera,306,224,74,21,24,2024-12-11,2024-12-22,Kredi Kartı,3,14
491,Aksiyon Kamera,Aksiyon Kamera Modeli 10,Elektronik,Kamera,199,178,33,23,4,2024-12-10,2024-12-23,Nakit,3,14
492,Şipşak Fotoğraf Makinesi ,Şipşak Fotoğraf Makinesi  Modeli 9,Elektronik,Kamera,474,447,21,4,9,2024-12-26,2024-12-29,Nakit,3,14
493,Telefon Kılıfı,Telefon Kılıfı Modeli 9,Elektronik,Aksesuarlar,125,54,37,35,1,2024-12-19,2024-12-22,Kredi Kartı,3,15
494,Şarj Aleti,Şarj Aleti Modeli 8,Elektronik,Aksesuarlar,379,346,21,21,0,2024-12-04,2024-12-06,Nakit,3,15
495,Powerbank,Powerbank Modeli 1,Elektronik,Aksesuarlar,168,150,71,16,37,2024-12-27,2024-12-28,Kredi Kartı,3,15
496,Kulaklık,Kulaklık Modeli 1,Elektronik,Aksesuarlar,337,302,44,43,1,2024-12-15,2024-12-16,Kredi Kartı,3,15
497,Hafıza Kartı,Hafıza Kartı Modeli 5,Elektronik,Aksesuarlar,111,41,90,45,3,2024-12-07,2024-12-13,Kredi Kartı,3,15
498,Hoparlör,Hoparlör Modeli 4,Elektronik,Aksesuarlar,101,57,98,6,19,2024-12-11,2024-12-24,Nakit,3,15
499,Projeksiyon Cihazı,Projeksiyon Cihazı Modeli 2,Elektronik,Aksesuarlar,310,293,41,35,2,2024-12-26,2024-12-29,Nakit,3,15
500,Tv Kumandası,Tv Kumandası Modeli 4,Elektronik,Aksesuarlar,448,425,67,67,0,2024-12-27,2024-12-28,Nakit,3,15
501,HDMI Kablo,HDMI Kablo Modeli 9,Elektronik,Aksesuarlar,153,131,78,25,24,2024-12-23,2024-12-24,Nakit,3,15
502,Kablo & Adaptör,Kablo & Adaptör Modeli 3,Elektronik,Aksesuarlar,386,297,67,36,11,2024-12-22,2024-12-29,Kredi Kartı,3,15
503,Tencere,Tencere Modeli 3,Ev,Sofra & Mutfak,213,164,17,17,0,2024-12-09,2024-12-10,Kredi Kartı,4,16
504,Yemek Takımı,Yemek Takımı Modeli 8,Ev,Sofra & Mutfak,302,263,76,33,5,2024-12-02,2024-12-16,Nakit,4,16
505,Kahvaltı Takımı,Kahvaltı Takımı Modeli 5,Ev,Sofra & Mutfak,59,25,32,25,4,2024-12-15,2024-12-23,Nakit,4,16
506,Çatal Bıçak Seti,Çatal Bıçak Seti Modeli 4,Ev,Sofra & Mutfak,325,272,99,31,13,2024-12-18,2024-12-29,Kredi Kartı,4,16
507,Fincan Takımı,Fincan Takımı Modeli 3,Ev,Sofra & Mutfak,494,430,99,29,63,2024-12-25,2024-12-31,Kredi Kartı,4,16
508,Bardak,Bardak Modeli 1,Ev,Sofra & Mutfak,306,253,99,43,10,2024-12-22,2024-12-29,Kredi Kartı,4,16
509,Askı,Askı Modeli 6,Ev,Ev Gereçleri,87,25,96,61,19,2024-12-08,2024-12-16,Kredi Kartı,4,17
510,Çamaşır Sepeti,Çamaşır Sepeti Modeli 9,Ev,Ev Gereçleri,200,157,86,24,39,2024-12-25,2024-12-26,Kredi Kartı,4,17
511,Ütü Masası,Ütü Masası Modeli 4,Ev,Ev Gereçleri,128,66,47,10,35,2024-12-22,2024-12-31,Kredi Kartı,4,17
512,Nevresim Takımı,Nevresim Takımı Modeli 9,Ev,Ev Tekstili,298,281,76,52,16,2024-12-17,2024-12-23,Kredi Kartı,4,18
513,Yastık & Yorgan,Yastık & Yorgan Modeli 2,Ev,Ev Tekstili,258,162,85,1,25,2024-12-11,2024-12-29,Nakit,4,18
514,Koltuk  Örtüsü,Koltuk  Örtüsü Modeli 4,Ev,Ev Tekstili,297,264,33,17,8,2024-12-02,2024-12-18,Nakit,4,18
515,Perde,Perde Modeli 3,Ev,Ev Tekstili,390,316,18,14,0,2024-12-12,2024-12-20,Nakit,4,18
516,Paspas,Paspas Modeli 2,Ev,Ev Tekstili,473,431,15,14,0,2024-12-22,2024-12-31,Kredi Kartı,4,18
517,Halı,Halı Modeli 2,Ev,Ev Tekstili,326,289,41,23,15,2024-12-22,2024-12-26,Kredi Kartı,4,18
518,Havlu & Bornoz,Havlu & Bornoz Modeli 10,Ev,Ev Tekstili,183,110,68,14,54,2024-12-16,2024-12-30,Nakit,4,18
519,Ayna,Ayna Modeli 3,Ev,Ev Dekorasyon,321,260,82,53,27,2024-12-06,2024-12-21,Kredi Kartı,4,19
520,Tablo,Tablo Modeli 5,Ev,Ev Dekorasyon,470,380,59,55,2,2024-12-24,2024-12-29,Kredi Kartı,4,19
521,Vazo,Vazo Modeli 7,Ev,Ev Dekorasyon,434,415,30,8,2,2024-12-15,2024-12-25,Kredi Kartı,4,19
522,Duvar Saati,Duvar Saati Modeli 7,Ev,Ev Dekorasyon,284,261,55,52,3,2024-12-07,2024-12-26,Kredi Kartı,4,19
523,Avize,Avize Modeli 10,Ev,Ev Aydınlatma,463,417,92,61,5,2024-12-25,2024-12-29,Nakit,4,20
524,Lambader,Lambader Modeli 2,Ev,Ev Dekorasyon,153,90,67,27,25,2024-12-20,2024-12-28,Nakit,4,19
525,Yatak Odası Takımı,Yatak Odası Takımı Modeli 10,Ev,Mobilya,242,151,79,76,1,2024-12-30,2024-12-31,Kredi Kartı,4,21
526,Oturma Odası Takımı,Oturma Odası Takımı Modeli 8,Ev,Mobilya,83,25,95,93,2,2024-12-14,2024-12-24,Kredi Kartı,4,21
527,Bahçe Mobilyası,Bahçe Mobilyası Modeli 6,Ev,Mobilya,413,316,91,66,7,2024-12-23,2024-12-27,Nakit,4,21
528,Yemek Odası Takımı,Yemek Odası Takımı Modeli 8,Ev,Mobilya,375,324,63,41,2,2024-12-09,2024-12-15,Nakit,4,21
529,Çocuk Odası Takımı,Çocuk Odası Takımı Modeli 7,Ev,Mobilya,360,325,59,35,22,2024-12-17,2024-12-28,Kredi Kartı,4,21
530,Genç Odası Takımı,Genç Odası Takımı Modeli 9,Ev,Mobilya,90,25,75,6,65,2024-12-10,2024-12-23,Kredi Kartı,4,21
531,Koltuk Takımı,Koltuk Takımı Modeli 5,Ev,Mobilya,279,257,32,13,6,2024-12-10,2024-12-18,Nakit,4,21
532,Dolap,Dolap Modeli 5,Ev,Mobilya,112,101,84,61,6,2024-12-27,2024-12-31,Kredi Kartı,4,21
533,Gardırop,Gardırop Modeli 1,Ev,Mobilya,447,349,53,34,14,2024-12-20,2024-12-28,Kredi Kartı,4,21
534,Sandalye,Sandalye Modeli 10,Ev,Mobilya,374,343,50,38,3,2024-12-22,2024-12-29,Nakit,4,21
535,Zigon,Zigon Modeli 9,Ev,Mobilya,63,25,62,6,7,2024-12-08,2024-12-25,Nakit,4,21
536,Mont,Mont Modeli 5,Giyim,Dış Giyim,228,183,69,60,0,2024-12-16,2024-12-31,Nakit,1,1
537,Spor Ayakkabı,Spor Ayakkabı Modeli 10,Giyim,Ayakkabı,271,217,99,81,2,2024-12-28,2024-12-30,Kredi Kartı,1,2
538,Topuklu Ayakkabı,Topuklu Ayakkabı Modeli 3,Giyim,Ayakkabı,396,296,60,10,35,2024-12-25,2024-12-28,Nakit,1,2
539,Günlük Ayakkabı,Günlük Ayakkabı Modeli 8,Giyim,Ayakkabı,97,34,84,38,10,2024-12-12,2024-12-19,Kredi Kartı,1,2
540,Bot,Bot Modeli 6,Giyim,Ayakkabı,72,32,32,19,6,2024-12-11,2024-12-25,Nakit,1,2
541,Çizme,Çizme Modeli 1,Giyim,Ayakkabı,219,136,18,0,7,2024-12-22,2024-12-25,Nakit,1,2
542,Terlik,Terlik Modeli 5,Giyim,Ayakkabı,71,25,58,55,1,2024-12-15,2024-12-28,Kredi Kartı,1,2
543,Tişört,Tişört Modeli 4,Giyim,Üst Giyim,311,268,41,18,1,2024-12-27,2024-12-30,Kredi Kartı,1,4
544,Gömlek,Gömlek Modeli 10,Giyim,Üst Giyim,388,364,79,21,6,2024-12-29,2024-12-30,Kredi Kartı,1,4
545,Pantalon,Pantalon Modeli 3,Giyim,Alt Giyim,402,340,68,17,38,2024-12-30,2024-12-31,Kredi Kartı,1,5
546,Etek,Etek Modeli 3,Giyim,Alt Giyim,289,195,25,11,2,2024-12-13,2024-12-26,Kredi Kartı,1,5
547,Kazak,Kazak Modeli 1,Giyim,Üst Giyim,207,108,100,5,41,2024-12-18,2024-12-31,Nakit,1,4
548,Trençkot,Trençkot Modeli 9,Giyim,Dış Giyim,338,267,100,94,1,2024-12-23,2024-12-29,Nakit,1,1
549,Hırka,Hırka Modeli 2,Giyim,Üst Giyim,485,393,54,5,33,2024-12-09,2024-12-23,Nakit,1,4
550,Kol Çantası,Kol Çantası Modeli 7,Giyim,Aksesuar,349,279,88,32,54,2024-12-12,2024-12-16,Kredi Kartı,1,6
551,Saat,Saat Modeli 5,Giyim,Aksesuar,232,140,49,37,4,2024-12-29,2024-12-30,Kredi Kartı,1,6
552,Cüzdan,Cüzdan Modeli 8,Giyim,Aksesuar,141,73,26,4,18,2024-12-08,2024-12-29,Kredi Kartı,1,6
553,Kolye,Kolye Modeli 2,Giyim,Aksesuar,275,227,64,51,7,2024-12-02,2024-12-18,Kredi Kartı,1,6
554,Yüzük,Yüzük Modeli 2,Giyim,Aksesuar,464,385,39,1,36,2024-12-12,2024-12-20,Nakit,1,6
555,Bileklik,Bileklik Modeli 5,Giyim,Aksesuar,191,115,13,7,1,2024-12-15,2024-12-22,Kredi Kartı,1,6
556,Küpe,Küpe Modeli 2,Giyim,Aksesuar,276,252,82,30,23,2024-12-23,2024-12-25,Kredi Kartı,1,6
557,Atkı,Atkı Modeli 10,Giyim,Aksesuar,266,185,48,33,6,2024-12-08,2024-12-26,Kredi Kartı,1,6
558,Bere,Bere Modeli 5,Giyim,Aksesuar,467,367,22,12,10,2024-12-13,2024-12-27,Kredi Kartı,1,6
559,Eldiven,Eldiven Modeli 4,Giyim,Aksesuar,468,417,50,32,9,2024-12-20,2024-12-28,Nakit,1,6
560,Kemer,Kemer Modeli 5,Giyim,Aksesuar,384,322,38,11,16,2024-12-19,2024-12-21,Nakit,1,6
561,Güneş Gözlüğü,Güneş Gözlüğü Modeli 3,Giyim,Aksesuar,72,25,21,3,4,2024-12-24,2024-12-30,Nakit,1,6
562,Maskara,Maskara Modeli 7,Kozmetik,Makyaj,286,222,67,27,26,2024-12-09,2024-12-14,Nakit,2,7
563,Ruj,Ruj Modeli 8,Kozmetik,Makyaj,477,380,36,7,14,2024-12-08,2024-12-12,Kredi Kartı,2,7
564,Allık,Allık Modeli 6,Kozmetik,Makyaj,205,167,33,22,6,2024-12-03,2024-12-30,Nakit,2,7
565,Fondöten,Fondöten Modeli 8,Kozmetik,Makyaj,403,305,15,5,5,2024-12-02,2024-12-08,Kredi Kartı,2,7
566,Oje,Oje Modeli 4,Kozmetik,Makyaj,421,392,69,51,13,2024-12-25,2024-12-27,Nakit,2,7
567,Göz Kalemi,Göz Kalemi Modeli 8,Kozmetik,Makyaj,406,374,40,14,16,2024-12-18,2024-12-24,Kredi Kartı,2,7
568,Şampuan,Şampuan Modeli 5,Kozmetik,Kişisel Bakım,134,109,32,25,6,2024-12-09,2024-12-28,Nakit,2,8
569,Saç Kremi,Saç Kremi Modeli 1,Kozmetik,Kişisel Bakım,348,275,84,16,25,2024-12-02,2024-12-13,Kredi Kartı,2,8
570,Diş Fırçası,Diş Fırçası Modeli 2,Kozmetik,Kişisel Bakım,434,363,95,8,32,2024-12-21,2024-12-26,Nakit,2,8
571,Diş Macunu,Diş Macunu Modeli 6,Kozmetik,Kişisel Bakım,414,385,59,0,19,2024-12-07,2024-12-20,Nakit,2,8
572,Diş İpi,Diş İpi Modeli 4,Kozmetik,Kişisel Bakım,445,370,76,22,47,2024-12-23,2024-12-31,Nakit,2,8
573,Deodorant,Deodorant Modeli 10,Kozmetik,Kişisel Bakım,196,182,77,75,2,2024-12-13,2024-12-28,Kredi Kartı,2,8
574,Parfüm,Parfüm Modeli 7,Kozmetik,Kişisel Bakım,174,132,31,15,0,2024-12-19,2024-12-21,Kredi Kartı,2,8
575,Kese,Kese Modeli 6,Kozmetik,Kişisel Bakım,304,275,21,19,1,2024-12-26,2024-12-30,Kredi Kartı,2,8
576,Güneş Kremi,Güneş Kremi Modeli 6,Kozmetik,Kişisel Bakım,160,133,20,12,7,2024-12-24,2024-12-26,Kredi Kartı,2,8
577,Süpürge,Süpürge Modeli 8,Elektronik,Küçük Ev Aletleri,410,327,56,32,10,2024-12-18,2024-12-25,Kredi Kartı,3,9
578,Robot Süpürge,Robot Süpürge Modeli 3,Elektronik,Küçük Ev Aletleri,109,34,45,9,1,2024-12-17,2024-12-27,Kredi Kartı,3,9
579,Ütü,Ütü Modeli 10,Elektronik,Küçük Ev Aletleri,341,312,28,7,21,2024-12-10,2024-12-18,Kredi Kartı,3,9
580,Kahve Makinesi,Kahve Makinesi Modeli 7,Elektronik,Küçük Ev Aletleri,395,304,42,5,36,2024-12-28,2024-12-31,Nakit,3,9
581,Çay Makinesi,Çay Makinesi Modeli 7,Elektronik,Küçük Ev Aletleri,365,297,83,17,63,2024-12-21,2024-12-27,Kredi Kartı,3,9
582,Blender,Blender Modeli 8,Elektronik,Küçük Ev Aletleri,98,71,41,13,16,2024-12-07,2024-12-09,Kredi Kartı,3,9
583,Tost Makinesi,Tost Makinesi Modeli 8,Elektronik,Küçük Ev Aletleri,463,409,11,5,0,2024-12-05,2024-12-10,Kredi Kartı,3,9
584,Su Isıtıcı,Su Isıtıcı Modeli 8,Elektronik,Küçük Ev Aletleri,307,216,83,32,49,2024-12-14,2024-12-27,Kredi Kartı,3,9
585,Mikser,Mikser Modeli 8,Elektronik,Küçük Ev Aletleri,406,390,70,33,24,2024-12-18,2024-12-20,Nakit,3,9
586,Airfryer,Airfryer Modeli 4,Elektronik,Küçük Ev Aletleri,53,25,99,17,33,2024-12-24,2024-12-25,Nakit,3,9
587,Akıllı Saat,Akıllı Saat Modeli 5,Elektronik,Giyilebilir Teknoloji,484,405,99,0,30,2024-12-28,2024-12-29,Nakit,3,10
588,Akıllı Bileklik,Akıllı Bileklik Modeli 2,Elektronik,Giyilebilir Teknoloji,445,368,27,24,1,2024-12-06,2024-12-14,Kredi Kartı,3,10
589,Android Cep Telefon,Android Cep Telefon Modeli 4,Elektronik,Telefon,418,384,31,2,24,2024-12-11,2024-12-29,Nakit,3,11
590,iOS Cep Telefon,iOS Cep Telefon Modeli 4,Elektronik,Telefon,400,380,38,14,16,2024-12-15,2024-12-31,Kredi Kartı,3,11
591,Buzdolabı,Buzdolabı Modeli 9,Elektronik,Beyaz Eşya,124,41,100,28,32,2024-12-11,2024-12-28,Nakit,3,12
592,Çamaşır Makinesi,Çamaşır Makinesi Modeli 6,Elektronik,Beyaz Eşya,167,149,56,4,40,2024-12-23,2024-12-27,Nakit,3,12
593,Bulaşık Makinesi,Bulaşık Makinesi Modeli 8,Elektronik,Beyaz Eşya,434,367,95,3,60,2024-12-28,2024-12-30,Nakit,3,12
594,Kurutma Makinesi,Kurutma Makinesi Modeli 2,Elektronik,Beyaz Eşya,468,392,60,57,1,2024-12-21,2024-12-25,Kredi Kartı,3,12
595,Derin Dondurucu,Derin Dondurucu Modeli 6,Elektronik,Beyaz Eşya,69,52,65,11,41,2024-12-26,2024-12-29,Nakit,3,12
596,Kombi,Kombi Modeli 1,Elektronik,Beyaz Eşya,350,324,78,10,42,2024-12-05,2024-12-29,Nakit,3,12
597,Mikrodalga Fırın,Mikrodalga Fırın Modeli 4,Elektronik,Beyaz Eşya,92,37,95,17,15,2024-12-28,2024-12-30,Kredi Kartı,3,12
598,Smart TV,Smart TV Modeli 8,Elektronik,Televizyon,399,300,77,59,7,2024-12-04,2024-12-23,Kredi Kartı,3,13
599,Fotoğraf Makinesi,Fotoğraf Makinesi Modeli 5,Elektronik,Kamera,394,321,92,53,26,2024-12-15,2024-12-29,Kredi Kartı,3,14
600,Aksiyon Kamera,Aksiyon Kamera Modeli 9,Elektronik,Kamera,466,409,97,8,34,2024-12-03,2024-12-10,Nakit,3,14
601,Şipşak Fotoğraf Makinesi ,Şipşak Fotoğraf Makinesi  Modeli 10,Elektronik,Kamera,94,25,94,42,23,2024-12-21,2024-12-29,Nakit,3,14
602,Telefon Kılıfı,Telefon Kılıfı Modeli 9,Elektronik,Aksesuarlar,233,182,37,28,6,2024-12-19,2024-12-26,Kredi Kartı,3,15
603,Şarj Aleti,Şarj Aleti Modeli 10,Elektronik,Aksesuarlar,352,339,57,39,9,2024-12-06,2024-12-10,Kredi Kartı,3,15
604,Powerbank,Powerbank Modeli 1,Elektronik,Aksesuarlar,309,214,89,65,22,2024-12-06,2024-12-30,Nakit,3,15
605,Kulaklık,Kulaklık Modeli 4,Elektronik,Aksesuarlar,437,379,17,1,3,2024-12-01,2024-12-02,Kredi Kartı,3,15
